[Effect Descriptions]|en|fi|pt|ru|zh|ja|ko|de
effect_off_1|Hellfire|Kiirastuli|Fogo do Inferno|Адское пламя|地狱火|ヘルファイア|지옥의 불|Höllenfeuer
effect_off_2|Coldsnap|Kylmän puraisu|Onda de Frio|Холодная хватка|寒潮|コールドスナップ|한파|Kälteeinbruch
effect_off_3|Hex|Manaus|Hex|Сглаз|妖法|呪い|헥스|Fluch
effect_off_4|Bash|Tälli|Esmagamento|Оглушение|狂怒击|強打|강타|Hieb
effect_off_5|Deadly Poison|Kuolettava myrkky|Veneno Mortal|Смертоносный яд|致命毒药|致命的な毒薬|맹독|Tödliches Gift
effect_off_6|Critical Strike|Kriittinen isku|Golpe Crítico|Критический удар|暴击|クリティカル・ストライク|치명타|Kritischer Treffer
effect_off_7|Lightning Fury|Sähköisku|Fúria do Raio|Неистовство молний|闪电之怒|雷光の怒り|번개의 분노|Zorn des Blitzes
effect_off_8|Windfury|Myrskytuuli|Fúria do Vento|Неистовство ветра|风怒|強風の怒り|바람의 분노|Sturmwind
effect_off_9|Poison Nova|Myrkkynova|Nova de Veneno|Волна яда|剧毒新星|ポイズン・ノヴァ|포이즌 노바|Gift Explosion
effect_off_10|Butcher's Fury|Teurastajan viha|Fúria do Açougueiro|Ярость мясника|屠夫之怒|ブッチャーの怒り|도살자의 분노|Wut des Metzgers
effect_off_11|Chilling Death|Hyytävä kuolema|Morte Congelante|Леденящая смерть|寒冷死亡|チリング・デス（寒冷の死）|오싹한 죽음|Eisiger Tod
effect_off_12|Doom Cannon|Tuhokanuuna|Canhão da Desgraça|Ядрёные ядра|末日加农炮|ドゥーム・キャノン|파멸포|Schicksalskanone
effect_off_13|Ninja Shiv|Ninjaveitsi|Lâmina Ninja|Техника ниндзя|忍者剃刀|忍者のカミソリ|닌자도|Ninja-Klinge
effect_off_14|Tomahawk|Tomahawk|Machadinha|Томагавк|战斧|トマホーク|토마호크|Tomahawk
effect_off_15|Ground Slam|Maanläimäys|Batida no Chão|Землетрясение|地面重击|グラウンド・スラム|그라운드 슬램|Bodenschmettern
effect_off_16|Death Coil|Sielukallo|Bobina da Morte|Череп душ|灵魂头骨|魂のドクロ|데스 코일|Seelenschädel
effect_off_17|Double Shot|Double Shot|Tiro Duplo|Double Shot|Double Shot|Double Shot|더블 샷|Double Shot
effect_off_18|Spectral Shots|Aaveammukset|Tiros Espectrais|Спектральные снаряды|光频扫射|スペクトル・ショット|스펙트럴 샷|Spektrale Schüsse
effect_off_19|Flamethrower|Liekinheitin|Lança-Chamas|Огнемет|火焰喷射器|火炎放射器|화염방사기|Flammenwerfer
effect_off_20|Multishot|Monilaukaus|Multitiros|Мультивыстрел|多重扫射|マルチショット|멀티 샷|Mehrfachschuss
effect_off_21|Piercing|Lävistävä|Perfurante|Пронзание|穿孔|貫通する|피어싱|Durchdringung
effect_off_22|Burst Shot|Räjähtävä laukaus|Tiros de Rajada|Взрывной выстрел|爆发式射击|バースト・ショット|버스트 샷|Berstender Schuss
effect_off_23|Gunshot|Laukaus|Tiro|Очередь|射击|射撃|건샷|Pistolenschuss
effect_off_24|Flight|Lento|Voar|Полет|飞行|飛行|비행|Flucht
effect_off_25|Immune to Freeze|Immuuni jäädytykselle|Imune a Congelamento|Иммунитет к Заморозке|免疫冻结|凍結無効|동결 면역|Immun gegen Frost
effect_off_26|Immune to Stun|Immuuni pyörrytykselle|Imune a Atordoamento|Иммунитет к Оглушению|免疫眩晕|スタン無効|기절 면역|Immun gegen Betäubung
effect_off_27|Immortality|Kuolemattomuus|Imortalidade|Бессмертие|永生|不死|불멸|Unsterblichkeit
effect_off_28|Immune to Traps|Immuuni ansoille|Imune a Armadilhas|Иммунитет к ловушкам|免疫陷阱|トラップ無効|함정 면역|Immun gegen Fallen
effect_off_29|Armor Break|Suojanmurtaja|Quebra de Armadura|Разрушение Брони|装甲打破|アーマーブレイク|아머 브레이크|Rüstungsbruch
effect_off_30|Restless Spirits|Levottomat sielut|Espíritos Inquietos|Неупокоенные Души|不眠之魂|リストレススピリッツ|불안한 영혼|Ruhelose Geister
effect_off_31|Armageddon|Maailmanloppu|Armagedom|Армагеддон|大决战|ハルマゲドン|아마겟돈|Armageddon
effect_off_32|Taunt|Provosointi|Provocar|Провокация|嘲讽|タウント|도발|Spott
effect_off_33|Master Summoner|Mestarikutsuja|Invocador Mestre|Мастер Призыва|主人的召唤者|マスターサモナー|소환 마스터|Meisterbeschwörer
effect_off_34|Spellbreak|Loitsunmurtaja|Quebra de Feitiço|Разрушение Чар|咒语破除|スペルブレイク|스펠 브레이크|Fluchbrecher
effect_off_35|Elemental Break|Elementaalimurtaja|Quebra Elementar|Стихийное Разрушение|元素打破|エレメンタルブレーク|엘리멘탈 브레이크|Elementarer Bruch
effect_off_36|Moonshine Madness|Pontikkasekoilu|Loucura do Luar|Пьяный Угар|月光疯狂|月光の狂気|달빛 광기|Mondscheinwahnsinn
effect_off_37|Spell Mirror|Loitsupeili|Espelho de Feitiço|Отражение Чар|咒语魔镜|スペルミラー|주문 거울|Fluchspiegel
effect_off_38|Mana Shield|Manakilpi|Escudo de Mana|Щит Маны|法力护盾|マナシールド|마나 쉴드|Manaschild
effect_off_39|Revelation|Paljastus|Revelação|Откровение|启示|啓示|계시|Offenbarung
effect_off_40|Kogarasumaru|Kogarasumaru|Kogarasumaru|Когарасумару|小gar丸|小烏丸|코가라스마루|Kogarasumaru
effect_off_41|Big Joe|Iso Joe|Grande Joe|Большой Джо|大乔|ビッグジョー|빅 조|großer Joe
effect_off_42|Valkyrie|Valkyria|Valquíria|Валькирия|女武神|ヴァルキリー|발키리|Walküre
effect_off_43|Teleport|Teleportti|Teleporte|Телепорт|传送|テレポート|순간 이동|Teleportieren
effect_off_44|Mjolner|Mjølner|Mjolner|Мьёльнир|莫尔纳|ミョルナー|묠니르|Mjolner
effect_off_45|Arcane Fury|Pikainen raivo|Fúria Arcana|Вспышка Ярости|奥术之怒|秘儀の怒り|아케인 퓨리|Arkane Wut
effect_off_46|Spell Bulwark|Taika Kilpi|Baluarte de Feitiço|Магический Щит|法术壁垒|スペルブルワーク|스펠 방벽|Zauber Bollwerk
effect_off_47|Overwhelming Power|Ylivoimainen voima|Poder Esmagador|Непреодолимая Мощь|压倒性的力量|圧倒的なパワー|압도적인 힘|Überwältigende Kraft
effect_off_48|Holy Shock|Pyhä isku|Choque Sagrado|Небесная Кара|神圣打击|ホーリー・ショック|성스러운 충격|Heiliger Stromschlag
effect_off_49|Rule of Order|Järjestyksen sääntö|Regra de Ordem|Правило Порядка|程序规则|秩序のルール|질서의 규칙|Geschäftsordnung
effect_off_50|Soul Spurn|Sielun poisto|Remoção de Alma|Поглощение Душ|去除灵魂|魂の除去|소울 스펀|Seelenentfernung
effect_off_51|Swordmaster|Paljastus|Revelação|Откровение|启示|啓示|계시|Offenbarung
effect_off_52|Colossus|Kolossi|Colosso|Колосс|巨人|コロッサス|거상|Koloss
effect_off_53|Vision of Gods|Jumalten näkö|Visão dos Deuses|Видение богов|众神的异象|神々のビジョン|신들의 비전|Vision der Götter
effect_off_54|Eternity|Ikuisuus|Eternidade|Вечность|永恒|永遠|영원|Ewigkeit
effect_off_55|Satan's Dice|Saatanan noppaa|Dados de satanás|Игральные кости сатаны|撒旦的骰子|サタンのサイコロ|사탄의 주사위|Satans Würfel
effect_off_56|Virulence|Virulenssi|Virulência|Эссенция Страдания|毒力|毒性|독성|Virulenz
effect_off_57|Carnage|Verilöyly|Carnificina|Бойня|大屠杀|大虐殺|대학살|Gemetzel
effect_off_58|Arcanum|Arcanum|Arcano|Арканум|奥秘|アルカナム|비밀|Arcanum
effect_off_59|Striker|Hyökkääjä|Atacante|Мордобой|前锋|ストライカー|스트라이커|Stürmer
effect_off_60|Gladiator|Gladiaattori|Gladiador|Гладиатор|角斗士|グラディエーター|검투사|Gladiator
effect_off_61|Shadow Weaving|Varjon kutominen|Tecelagem de Sombras|Сплетение Теней|影子编织|シャドーウィービング|섀도우 위빙|Schattenweben
effect_off_62|Revenant's Fury|Kostajan raivo|A Fúria do Fantasma|Гнев Ревенанта|亡灵的愤怒|レベナント・フューリー|레버넌트의 분노|Der Zorn des Rächers
effect_off_63|Gabriel’s Wrath|Gabrielin viha|A Ira de Gabriel|Gabriel’s Wrath|加布里埃尔的愤怒|ガブリエルの怒り|가브리엘의 노여움|Gabriels Zorn
effect_off_64|Weapon Throw|Aseen heitto|Arremesso de Arma|Weapon Throw|武器投掷|ウェポンスロー|무기 던지기|Wurfwaffe
effect_off_65|Mortal Reminder|Kuolevainen muistutus|Lembrete Mortal|Mortal Reminder|凡人提醒|Mortal Reminder|필멸의 알림|Tödliche Mahnung
effect_off_66|Eternal Flames|Ikuiset liekit|Chamas Eternas|Eternal Flames|永恒的火焰|エターナル・フレイムス|영원한 불꽃|Ewige Flammen
effect_off_67|Lucifer's Wrath|Luciferin viha|A Ira de Lúcifer|Lucifer's Wrath|路西法的愤怒|ルシファーの怒り|루시퍼의 노여움|Luzifers Zorn
effect_off_68|Wind Shield|Tuulisuoja|Escudo Eólico|Wind Shield|防风罩|ウィンドシールド|윈드 쉴드|Windschutzscheibe
effect_off_69|Toxic Personality|Myrkyllinen persoonallisuus|Personalidade Tóxica|Toxic Personality|有毒的人格|トキシック・パーソナリティ|독성 인격|Toxische Persönlichkeit
effect_off_70|Burst of Energy|Energianpurkaus|Explosão de Energia|Burst of Energy|迸发的能量|バーストオブエナジー|에너지 폭발|Energieausbruch
effect_off_71|Blood Boil|Veri kiehuu|Fervura de Sangue|Blood Boil|血液沸腾|ブラッドボイル|끓어오르는 혈액|Blut kochen
effect_off_72|Crimson Dance|Crimson Dance|Dança Carmesim|Crimson Dance|绯红之舞|クリムゾン・ダンス|크림슨 댄스|Karminroter Tanz
effect_off_73|Steady Defense|Tasainen puolustus|Defesa Firme|Steady Defense|稳健防御|ステディディフェンス|꾸준한 방어|Steady Defense
effect_off_74|Hold|Pidä|Manter|Hold|保持|ホールド|홀드|Halten
effect_off_75|Slaughter|Teurastus|Massacre|Slaughter|屠宰|虐殺|학살|Schlachtung
effect_off_76|Arcane Power|Arcane voima|Poder Arcano|Arcane Power|奥秘的力量|アーケイン・パワー|신비한 힘|Arkane Macht
effect_off_77|Khamsin|Khamsin|Khamsin|Khamsin|卡姆辛|ハムジン|캄신 열풍|Khamsin
effect_off_78|Kallik's Fury|Feng's Fury|Fúria de Kallik|Feng's Fury|Feng's Fury|Feng's Fury|펭의 분노|Feng's Fury
effect_off_79|Into the Dark|Pimeyteen|Para a Escuridão|Into the Dark|进入黑暗|イントゥ・ザ・ダーク|어둠속으로|In die Dunkelheit
effect_off_80|Giant's Strength|Jättiläisen voima|A força do Gigante|Giant's Strength|巨人的力量|巨人の力|거인의 힘|Die Stärke des Giganten
effect_off_81|Scimitar Frenzy|Saksiharjan vimma|Frenesi da Cimitarra|Scimitar Frenzy|弯刀狂热|シミターフレンジー|광란의 시미터|Krummsäbel-Raserei
effect_off_82|Elementium Defense|Elementium Defense|Defesa de Elementium|Elementium Defense|奔腾防务|Elementium Defense|원소 방어|Elementium-Verteidigung
effect_off_83|Unbroken Vow|Rikkomaton vala|Voto inquebrável|Unbroken Vow|不破不立的誓言|破られない誓い|깨지지 않은 맹세|Ungebrochenes Gelübde
effect_off_84|Creation by Fire|Luominen tulella|Criação por fogo|Creation by Fire|用火创造|火による創造|불에 의한 창조|Schöpfung durch Feuer
effect_off_85|The Fragrance of Dark Coffee|Tumman kahvin tuoksu|A Fragrância do Café Preto|The Fragrance of Dark Coffee|黑咖啡的香味|濃いコーヒーの香り|다크 커피의 향기|Der Duft von dunklem Kaffee
effect_off_86|Serrated Whiplash|Serrated Whiplash|Chicotada Serrilhada|Serrated Whiplash|Serrated Whiplash|Serrated Whiplash|톱니 채찍|Serrated Whiplash
effect_off_87|HouDeanii's Power|HouDeanii's Power|O poder do HouDeanii|HouDeanii's Power|HouDeanii的力量|HouDeaniiのパワー|후디니의 힘|HouDeanii's Leistung
effect_off_88|Blood Bath|Verikylpy|Banho de Sangue|Blood Bath|血浴|ブラッドバス|블러드 베스|Blutbad
effect_off_89|Neris Radiance|Neris Radiance|Esplendor de Neris|Neris Radiance|涅里斯的光芒|ネリスラディアンス|네리스 광채|Neris Strahlkraft
effect_off_90|Trained Slayer|Koulutettu Slayer|Caçador treinado|Trained Slayer|训练有素的杀手|訓練されたスレイヤー|훈련된 슬레이어|Ausgebildete Jägerin
effect_off_91|Elementium Blast|Elementium Blast|Explosão Elementium|Elementium Blast|Elementium Blast|Elementium Blast|원소 폭발|Elementium-Sprengung
effect_off_92|Master Logger|Master Logger|Mestre Madeireiro|Master Logger|主记录仪|マスターロガー|벌목 마스터|Master-Logger
effect_off_93|Bonetti's Defense|Bonettis-puolustus|Defesa de Bonettis|Bonettis Defense|博内提斯辩护|ボネッティ弁護団|보네티스 디펜스|Bonettis-Verteidigung
effect_off_94|Gut's Ruthlesness|Gut's Ruthlesness|A Crueldade de Gut|Gut's Ruthlesness|肠道疾病|ガットのルースネス|내장의 무자비함|Gut's Ruthlesness
effect_off_95|Fault Line|Rikkolinja|Linha de Falha|Fault Line|断层线|フォールトライン|결함선|Störungsleitung
effect_off_96|Glaive Sweep|Glaive Sweep|Varredura de Gládio|Glaive Sweep|扫地机器人|グレイヴ・スイープ|글레이브 스윕|Glaive Sweep
effect_off_97|Soloyolo's Mastery|Soloyolon mestaruus|O domínio de Soloyolo|Soloyolo's Mastery|索罗约洛的掌握|ソロヨロの達人|솔로욜로의 마스터리|Soloyolos Meisterschaft
effect_off_98|Draxis' Precision|Draxis Precision|Precisão de Draxis|Draxis Precision|德拉西斯精密公司|Draxis Precision|드랙시스의 정밀도|Draxis Präzision
effect_off_99|Rebirth of Death|Kuoleman uudelleensyntyminen|Renascimento da Morte|Rebirth of Death|死亡的重生|死の再生|죽음의 환생|Wiedergeburt des Todes
effect_off_100|Frozen Ammo|Jäädytetyt ammukset|Munições Congeladas|Frozen Ammo|冰冻弹药|フローズン・アンモ|얼어붙은 탄약|Gefrorene Munition
effect_off_101|Far Shot|Far Shot|Tiro de longe|Far Shot|远射|ファーショット|원거리 사격|Fernschuss
effect_off_102|Mark Target|Merkki Kohde|Marca Alvo|Mark Target|马克目标|マークターゲット|마크 타겟|Ziel markieren
effect_off_103|Penta Slash|Penta Slash|Penta Slash|Penta Slash|五角形斜线|ペンタ・スラッシュ|펜타 슬래쉬|Penta Slash
effect_off_104|Dancing Blade|Tanssiva Miekka|Lâmina Dançante|Dancing Blade|舞蹈之刃|ダンシングブレード|댄싱 블레이드|Tanzende Klinge
effect_off_105|Weapon Sweep|Ase pyyhkäisy|Varredura de Arma|Weapon Sweep|武器扫射|ウェポンスイープ|웨폰 스윕|Waffensuchlauf
effect_off_106|Flash Fire|Flash Fire|Clarão de Fogo|Flash Fire|闪光火|フラッシュファイア|플래쉬 파이어|Blitzfeuer
effect_off_107|Meteor Crater|Meteoriittikraatteri|Cratera de Meteoros|Meteor Crater|流星陨石坑|流星クレーター|운석 분화구|Meteoritenkrater
effect_off_108|Poison Tipped|Poison Tipped|Veneno na Ponta|Poison Tipped|毒尖|ポイズンティップ|독극물 주입|Giftig bestückt
effect_off_109|Unstoppable|Pysäyttämätön|Imparável|Unstoppable|不可阻挡|アンストッパブル|저지 불가|Unaufhaltsam
effect_off_110|Explosive Bolts|Räjähtävät pultit|Flechas Explosivas|Explosive Bolts|爆炸性螺栓|爆発物用ボルト|폭발 볼트|Explosive Bolzen
effect_off_111|The Black Plague|Musta rutto|A Peste Negra|The Black Plague|黑死病|黒死病|흑사병|Die Schwarze Pest
effect_off_112|Cold Break|Kylmä tauko|Quebra de Gelo|Cold Break|寒假|コールドブレイク|콜드 브레이크|Erkältungspause
effect_off_113|Fire Break|Tulipalon tauko|Quebra de Fogo|Fire Break|火灾发生时|ファイヤーブレイク|파이어 브레이크|Feuerpause
effect_off_114|Lightning Break|Salamanisku|Quebra de Raio|Lightning Break|闪电断裂|ライトニングブレーク|라이트닝 브레이크|Blitzeinschlag
effect_off_115|Wind Break|Tuuli tauko|Quebra de Vento|Wind Break|断风|ウィンドブレーク|윈드 브레이크|Windbruch
effect_off_116|Poison Break|Myrkkytauko|Quebra de Veneno|Poison Break|毒瘾发作|ポイズンブレイク|포이즌 브레이크|Vergiftungspause
effect_off_117|Unbound Power|Unbound Power|Unbound Power|Unbound Power|Unbound Power|Unbound Power|Unbound Power|Unbound Power
effect_off_118|Storm Breaker|Storm Breaker|Storm Breaker|Storm Breaker|Storm Breaker|Storm Breaker|Storm Breaker|Storm Breaker
effect_off_119|Heaven's Judgment|Heaven's Judgment|Heaven's Judgment|Heaven's Judgment|Heaven's Judgment|Heaven's Judgment||
effect_off_120|Blood Shard|Blood Shard|Blood Shard|Blood Shard|Blood Shard|Blood Shard||
effect_off_121|Runic Power|Runic Power|Runic Power|Runic Power|Runic Power|Runic Power||
effect_off_122|Frozen Death|Frozen Death|Frozen Death|Frozen Death|Frozen Death|Frozen Death||
effect_off_123|Blood Rush|Blood Rush|Blood Rush|Blood Rush|Blood Rush|Blood Rush||
effect_off_124|Wolf Pack|Wolf Pack|Wolf Pack|Wolf Pack|Wolf Pack|Wolf Pack||
effect_off_125|Hydra Mastery|Hydra Mastery|Hydra Mastery|Hydra Mastery|Hydra Mastery|Hydra Mastery||
effect_off_126|Penance|Penance|Penance|Penance|Penance|Penance||
effect_off_127|Tarethiel’s Sight|Tarethiel’s Sight|Tarethiel’s Sight|Tarethiel’s Sight|Tarethiel’s Sight|Tarethiel’s Sight||
effect_off_128|Artificer|Artificer|Artificer|Artificer|Artificer|Artificer||
effect_off_129|Ethereal|Ethereal|Ethereal|Ethereal|Ethereal|Ethereal||
effect_off_130|Shrapnel Shells|Shrapnel Shells|Shrapnel Shells|Shrapnel Shells|Shrapnel Shells|Shrapnel Shells||
effect_off_131|Frozen Canister Rounds|Frozen Canister Rounds|Frozen Canister Rounds|Frozen Canister Rounds|Frozen Canister Rounds|Frozen Canister Rounds||
effect_off_132|Grim Bones|Grim Bones|Grim Bones|Grim Bones|Grim Bones|Grim Bones||
effect_off_133|Harmony of Death|Harmony of Death|Harmony of Death|Harmony of Death|Harmony of Death|Harmony of Death||
effect_off_134|Greed|Greed|Greed|Greed|Greed|Greed||
effect_off_135|Turn Off Set Bonus|Turn Off Set|Turn Off Set|Turn Off Set|Turn Off Set|Turn Off Set||
effect_off_136|Martyrdom|Martyr|Martyr|Martyr|Martyr|Martyr||
effect_off_137|Seething Energy|Seething Energy|Seething Energy|Seething Energy|Seething Energy|Seething Energy||
effect_off_138|Tears of Heaven|||||||
effect_off_139|Reserved|||||||
effect_off_140|Reserved|||||||
effect_off_141|Reserved|||||||
effect_off_142|Reserved|||||||
effect_off_143|Reserved|||||||
||||||||
effect_off_desc_1|Chance to unleash a burst of fire in front of you|Mahdollisuus vapauttaa tulipalo eteesi|Chance de desencadear um estouro de fogo na sua frente|Chance to unleash a burst of fire in front of you|有机会在你面前释放出一阵阵火焰|自分の目の前でバーストファイアーを放つチャンス|눈앞에 불을 뿜을 확률을 얻습니다|Chance, einen Feuerstoß vor Ihnen zu entfesseln
effect_off_desc_2|Hits have a chance to freeze enemies, slowing them down||Acertos tem uma chance de congelar inimigos, retardando-os||||적중 시 일정 확률로 적을 얼려 느려지게 합니다|
effect_off_desc_3|Hits have a chance to hex your enemy turning them into an apple||Acertos tem uma chance de enfeitiçar seu inimigo transformando-o em uma maçã||||적중 시 일정 확률로 적을 저주하여 사과로 만들 수 있습니다|
effect_off_desc_4|Your hits knock back enemies||Seus acertos empurram inimigos||||적중 시 적을 밀쳐냅니다|
effect_off_desc_5|Your hits become poisonous||Seus acertos se tornam venenosos||||공격은 독성 공격이 됩니다|
effect_off_desc_6|Hits have a chance to inflict bonus damage||Acertos tem uma chance de infligir dano bônus||||적중 시 일정 확률로 추가 피해를 입힐 수 있습니다|
effect_off_desc_7|Chance to release a Chain Lightning||Chance de lançar uma bola de raios||||라이트닝 볼을 방출할 기회를 얻습니다|
effect_off_desc_8|Chance to summon a small tornado in front of you||Chance de convocar um pequeno tornado na sua frente||||작은 토네이도를 소환할 기회를 얻습니다|
effect_off_desc_9|Chance to cast poison nova around you||Chance de lançar uma nova de veneno ao seu redor||||주위에 포이즌 노바를 시전할 확률을 얻습니다|
effect_off_desc_10|Attacks have a chance to cause a bloody shockwave in attack direction||Ataques tem uma chance de causar uma onda de choque sangrenta na direção do ataque||||공격 시 일정 확률로 공격 방향에 유혈 충격파가 발생합니다|
effect_off_desc_11|Chance to cast Ice Shockwave||Chance de lançar uma onda de choque congelante||||얼음 충격파를 시전할 기회를 얻습니다|
effect_off_desc_12|Chance to spawn 3 cannonballs||Chance de gerar 3 bolas de canhão||||3개의 포탄을 생성할 기회를 얻습니다|
effect_off_desc_13|Chance to throw a ninja shiv||Chance de lançar uma lâmina ninja||||닌자 칼을 던질 기회를 얻습니다|
effect_off_desc_14|Allows you to throw your weapon||Permite que você arremese a sua arma||||무기를 던질 수 있습니다|
effect_off_desc_15|Slams the ground in front of you||Bate com força o chão na sua frente||||눈앞의 땅을 내리칩니다|
effect_off_desc_16|Gives your attacks a chance to cast Death Coil, creating skulls that deal damage in all directions||Da aos seus ataques a chance de lançar a Bobina da Morte, criando caveiras que dão dano em todas as direções||||공격 시 일정 확률로 데스 코일을 시전하여 모든 방향으로 피해를 입히는 해골을 생성합니다|
effect_off_desc_17|Causes you to attack twice per attack||Faz com que você ataque duas vezes por ataque||||공격당 2회 공격하게 합니다|
effect_off_desc_18|Your attacks can pass unobstructed through objects and terrain||Seus ataques podem passar desobstruídos por objetos e terrno||||공격은 장애물 없이 물체와 지형을 통과할 수 있습니다|
effect_off_desc_19|Causes attacks to pierce and burn enemies||Faz com que ataques penetrem e queimem inimigos||||공격이 적을 관통하고 불태웁니다|
effect_off_desc_20|Splits your ranged attacks into multiple attacks||Divide seus ataques a distância em múltiplos ataques||||원거리 공격을 여러 공격으로 나눕니다|
effect_off_desc_21|Causes your attacks to pierce enemies||Faz com que seus ataques penetrem||||공격이 적을 관통하도록 합니다|
effect_off_desc_22|Gives you two additional projectiles. Only the first one can proc, the second one just deals weapon damage||Dá-te dois projéteis adicionais. Apenas o primeiro pode ativar efeitos de contato, o segundo apenas causa dano de arma||||두 개의 추가 발사체를 제공합니다. 첫 번째 것만 발동할 수 있고, 두 번째 것은 무기 피해만 줍니다|
effect_off_desc_23|Low chance to shoot a projectile on attack that can proc||Pequena chance de atirar um projétil no ataque que pode ativar efeitos de contato||||발동할 수 있는 공격 시 발사체를 쏠 확률이 낮습니다|
effect_off_desc_24|Allows you to fly over holes and spikes||Permite que você voe sobre buracos e armadilhas de espeto||||구멍과 스파이크 위로 날아갈 수 있습니다|Ermöglicht das Überfliegen von Löchern und Stacheln
effect_off_desc_25|Makes you immune to freezing effects||Torna-o imune a efeitos de congelamento||||동결 효과에 면역이 됩니다.|
effect_off_desc_26|Makes you immune to stuns||Torna-o imune a atordoamentos||||기절에 면역이 됩니다|
effect_off_desc_27|Regenerates 10% of your HP over 10 seconds when you take lethal damage||Regenera 10% da sua vida ao longo de 10 segundos quando você toma dano letal||||치명적인 피해를 입으면 10초에 걸쳐 HP의 10%를 회복합니다|
effect_off_desc_28|Prevents all damage taken from traps||Previne todo o dano tomado de armadilhas||||함정으로 인한 모든 피해를 방지합니다|
effect_off_desc_29|Chance on hit to apply Armor Break debuff to the target||Chance no acerto de aplicar a penalidade quebra de armadura no alvo||||적중 시 일정 확률로 대상에게 아머 브레이크 디버프를 적용합니다|
effect_off_desc_30|A small chance on basic attack to unleash Restless Spirits||Uma pequena chance no ataque de desencadear espíritos inquietos||||불안한 영혼을 해방하는 기본 공격에 대한 작은 기회를 얻습니다|
effect_off_desc_31|Chance on casting an Active Talent to call down a meteor on the closest target||Chance de invocar um meteoro no alvo mais proximo após utilizar um talento ativo||||액티브 스킬을 시전하여 가장 가까운 대상에 유성을 떨어뜨릴 확률을 얻습니다|
effect_off_desc_32|Chance on basic attack to Taunt nearby enemies||Chance no ataque básico de provocar inimigos próximos||||기본 공격 시 일정 확률로 주변의 적을 도발합니다|
effect_off_desc_33|Summons an additional Legion minion|Kutsuu ylimääräisen legioonan kätyrin|Convoca um lacaio da legião adicional|Summons an additional Legion minion|召唤一个额外的军团爪牙|追加のLegionミニオンを召喚する。|군단 하수인을 추가로 소환합니다.|Beschwört einen zusätzlichen Legion-Diener
effect_off_desc_34|Chance on hit to apply Spellbreak to the target|Mahdollisuus osumalla soveltaa kohteeseen Spellbreakia.|Chance no acerto de aplicar quebra de feitiço no alvo|Chance on hit to apply Spellbreak to the target|命中后有几率对目标施展破咒术|ヒット時に確率で対象にSpellbreakを適用する|적중 시 일정 확률로 대상에게 스펠 브레이크를 적용합니다.|Chance, bei einem Treffer einen Zauberbruch auf das Ziel anzuwenden
effect_off_desc_35|Chance on hit to apply Elemental Break to the target|Mahdollisuus osuessa kohdistaa elementtimurto kohteeseen.|Chance no acerto de aplicar quebra elemental no alvo|Chance on hit to apply Elemental Break to the target|命中后有几率对目标施加元素断裂|ヒット時に確率で対象にエレメンタル・ブレイクをかける|적중 시 일정 확률로 대상에게 엘리멘탈 브레이크를 적용합니다.|Chance, bei einem Treffer Elementarbruch auf das Ziel anzuwenden
effect_off_desc_36|Chance on a basic attack to gain a Moonshine Madness buff (increase movement speed and attack speed)|Mahdollisuus saada perushyökkäyksellä Moonshine Madness -buffi (lisää liikkumisnopeutta ja hyökkäysnopeutta).|Chance no ataque basico de ganhar um buff de Loucura Lunar (aumento na velocidade de ataque e movimento)|Chance on a basic attack to gain a Moonshine Madness buff (increase movement speed and attack speed)|"基本攻击时有机会获得 ""疯狂月光 ""BUFF（增加移动速度和攻击速度"|基本攻撃時に確率で「ムーンシャイン・マッドネス」のバフを獲得（移動速度と攻撃速度の上昇|기본 공격 시 일정 확률로 달빛 광기 버프(이동 속도 및 공격 속도 증가)를 얻습니다.|"Chance, bei einem Grundangriff einen Stärkungszauber ""Mondschein-Wahnsinn"" zu erhalten (erhöht die Bewegungsgeschwindigkeit und das Angriffstempo)"
effect_off_desc_37|Chance on casting an Active talent to cast it 2 times in a quick succession.|Mahdollisuus heittää aktiivinen lahjakkuus 2 kertaa nopeasti peräkkäin.|Chance ao lançar um talento ativo de lançá-lo duas vezes em rápida sucessão|Chance on casting an Active talent to cast it 2 times in a quick succession.|施放主动天赋时有机会快速连续施放2次。|アクティブタレントをキャストする際に、連続して2回キャストする確率。|액티브 스킬을 시전할 기회가 있으면 빠르게 연속해서 2번 시전합니다.|Chance beim Wirken eines aktiven Talents, es 2 Mal in schneller Folge zu wirken.
effect_off_desc_38|A portion of damage is taken from Mana before Life|Osa vahingosta otetaan Manasta ennen elämää.|Uma parte dos danos é retirado da Mana antes da Vida|A portion of damage is taken from Mana before Life|一部分伤害是在生命之前从法力中获取的|ダメージの一部がライフの前にマナから取られる|체력보다 먼저 마나에서 피해의 일부를 얻습니다.|Ein Teil des Schadens wird dem Mana entnommen, bevor das Leben
effect_off_desc_39|Summons a large zone dealing AOE damage and increases you and your allies damage reduction by 25%|Kutsuu suuren alueen, joka aiheuttaa aoe-vahinkoa ja lisää sinun ja liittolaistesi vahingonvähennystä 25 %:lla.|Convoca uma grande zona que causa dano em área e aumenta a redução de dano para você e seus aliados em 25%|Summons a large zone dealing aoe damage and increases you and your allies damage reduction by 25%|召唤一个大区域，造成AOE伤害，并使你和你的盟友的伤害减免增加25%。|巨大なゾーンを召喚し、青江のダメージを与え、自分と味方のダメージ軽減率を25%増加させる。|광역 피해를 주는 넓은 지역을 소환하여 자신과 아군의 피해 감소량을 25% 증가시킵니다.|Beschwört eine große Zone, die Aoe-Schaden verursacht und Ihre Schadensreduktion und die Ihrer Verbündeten um 25% erhöht
effect_off_desc_40|30% Dodge, Speed, Attack Speed, Physical Damage|30% väistäminen, nopeus, hyökkäysnopeus, fyysinen vahinko|30% de evasão, velocidade, velocidade de ataque, dano físico|30% dodge, speed, attack speed, phys damage|30%的闪避、速度、攻击速度、物理伤害|30% ドッジ、スピード、アタックスピード、フィジークダメージ|30%의 회피,이동 속도, 공격 속도, 물리 피해 버프를 얻습니다.|30% Ausweichen, Geschwindigkeit, Angriffsgeschwindigkeit, Phys-Schaden
effect_off_desc_41|Every level gives you 3% to throw your chainsaw like a marauder chain|Jokainen taso antaa sinulle 3% heittää moottorisahasi kuin marauder-ketjuun.|Cada nível lhe da 3% de chance de lançar a sua motosserra como uma corrente do saqueador|Every level gives you 3% to throw your chainsaw like a marauder chain|每一关都有3%的时间让你像掠夺者一样抛出你的电锯链。|全てのレベルで3%の確率で、チェーンソーを槍のように投げることができます。|모든 레벨은 약탈자 사슬처럼 전기톱을 던질 수 있는 3%의 기회를 얻습니다.|Jeder Level gibt Ihnen 3%, um Ihre Kettensäge wie eine Marodeurkette zu werfen
effect_off_desc_42|Summons a clone that copies your spells for a duration|Kutsuu kloonin, joka kopioi loitsusi keston ajaksi.|Convoca um clone que copia seus feitiços por um período de tempo|Summons a clone that copies your spells for a duration|召唤一个克隆体，在一定时间内复制你的法术。|自分の呪文をコピーするクローンを一定時間召喚する。|지속 시간 동안 스킬을 카피하는 클론을 소환합니다.|Beschwört einen Klon, der Ihre Zaubersprüche für eine bestimmte Dauer kopiert
effect_off_desc_43|Teleport in the direction you are facing|Teleportaatio siihen suuntaan, johon olet katsomassa|Teleporta na direção que você está voltado para|Teleport in the direction you are facing|向你所面对的方向传送|自分が向いている方向にテレポートする|당신이 향하고 있는 방향으로 텔레포트합니다.|Teleportieren in die Richtung, in die Sie schauen
effect_off_desc_44|40% Chance to cast a Chain Lightning while attacking|40% mahdollisuus heittää ketjusalama hyökätessäsi.|40% de chance de lançar uma corrente de raio enquanto ataca|40% Chance to cast a Chain Lightning while attacking|40%的几率在攻击时施放一个连锁闪电|40%の確率で、攻撃時に「Chain Lightning」を唱える。|40% 확률로 공격 중 체인 라이트닝을 시전합니다.|40% Chance, während eines Angriffs einen Kettenblitz zu wirken
effect_off_desc_45|Your attacks have 10% chance to create an Arcane Fury|Hyökkäyksilläsi on 10 %:n mahdollisuus heittää Arcane Furya|Seus ataques têm 10% de chance de lançar fúria arcana|Your attacks have 10% chance to cast Arcane Fury|你的攻击有10%的机会施放奥术之怒|10%の確率でArcane Furyが発動するようになる。|공격 시 10%의 확률로 아케인 퓨리를 시전합니다.|Ihre Angriffe haben eine Chance von 10%, Arkane Wut zu wirken
effect_off_desc_46|When you block, you regeneration 2% of maximum mana a second for 4 seconds|Kun blokkaat, regeneroit 2% maksimimanasta sekunnissa 4 sekunnin ajan.|Quando você bloqueia, você regenera 2% da mana máxima por segundo durante 4 segundos|When you block, you regeneration 2% of maximum mana a second for 4 seconds|当你阻挡时，你每秒再生2%的最大法力，持续4秒|ブロックしたとき、4秒間、毎秒最大マナの2%を再生する。|방어하면 4초 동안 초당 최대 마나의 2%를 재생합니다.|Wenn Sie blocken, regenerieren Sie 4 Sekunden lang 2% des maximalen Manas pro Sekunde
effect_off_desc_47|Gives 300-400% max mana as magic damage to next attack. Drains 10% mana a second|Antaa 300-400 % maksimimanasta taikavahinkona seuraavaan hyökkäykseen. Kuluttaa 10% manaa sekunnissa|Proporciona 300-400% de mana máxima como dano mágico para o próximo ataque. Drena 10% de mana por segundo|Gives 300-400% max mana as magic damage to next attack. Drains 10% mana a second|给予300-400%的最大法力作为下一次攻击的魔法伤害。每秒消耗10%的法力值|次の攻撃に300～400%の最大マナを魔法ダメージとして与える。1秒間に10%のマナを消費する|다음 공격 시 최대 마나의 300~400%에 해당하는 마법 피해를 입힙니다. 초당 10%의 마나를 소모합니다.|Verleiht 300-400% max. Mana als magischen Schaden für den nächsten Angriff. Entzieht 10 % Mana pro Sekunde
effect_off_desc_48|Periodically shocks and damages enemies around the player|Iskee ja vahingoittaa ajoittain pelaajan ympärillä olevia vihollisia.|Periodicamente eletrifica e causa dano a inimigos ao redor do jogador|Periodically shocks and damages enemies around the player|定期冲击和破坏玩家周围的敌人。|プレイヤーの周囲の敵に定期的にショックを与え、ダメージを与える|주기적으로 플레이어 주변의 적에게 충격과 피해를 줍니다.|Schockt und beschädigt periodisch Gegner in der Umgebung des Spielers
effect_off_desc_49|Every 10-15k mana gives you 1% of your max mana as additional elemental damage|Jokainen 10-15k manaa antaa sinulle 1% maksimimanastasi ylimääräisenä taikavahinkona.|Cada 10-15k mana lhe dá 1% de sua mana máxima como dano mágico adicional|Every 10-15k mana gives you 1% of your max mana as additional magic damage|每10-15K的法力值可使你的最大法力值的1%作为额外的魔法伤害。|10～15kマナごとに、最大マナの1%倍の追加魔法ダメージを与える。|10-15k 마나마다 최대 마나의 1%를 추가 마법 피해로 제공합니다.|Alle 10-15k Mana erhalten Sie 1% Ihres maximalen Manas als zusätzlichen magischen Schaden
effect_off_desc_50|Deals AOE damage and 5% of the damage is turned into an absorb shield|Tekee aoe-vahinkoa ja 5% vahingosta muuttuu absorboivaksi suojaksi.|Causa dano em area e 5% do dano é convertido para um escudo|Deals aoe damage and 5% of the damage is turned into an absorb shield|造成AOE伤害并将5%的伤害转化为吸收护盾|Aoeダメージを与え、ダメージの5%を吸収シールドに変える|광역 데미지를 입히고 데미지의 5%를 쉴드로 바꿉니다.|Verursacht Aoe-Schaden und 5% des Schadens werden in einen Absorptionsschild verwandelt
effect_off_desc_51|When killing an enemy gain +5 Attack Speed and +5 Movement Speed. Stacks 5 times|Kun tapat vihollisen, saat +5 hyökkäysnopeutta ja +5 liikkumisnopeutta. Pinoutuu 5 kertaa|Ao matar um inimigo ganha +5 Velocidade de Ataque e +5 de Velocidade de Movimento. Acumula 5 vezes|When killing an enemy gain +5 Attack Speed and +5 Movement Speed. Stacks 5 times|当杀死一个敌人时，获得+5攻击速度和+5移动速度。可叠加5次|敵を倒したとき、攻撃速度と移動速度がそれぞれ5倍になる。5回スタック|적을 죽일 때 공격 속도 +5 및 이동 속도 +5를 얻습니다. 최대 5회 중첩|Wenn Sie einen Gegner töten, erhalten Sie +5 Angriffsgeschwindigkeit und +5 Bewegungsgeschwindigkeit. Stapelt 5 Mal
effect_off_desc_52|20% chance on hit you gain 2.5% strength for 5 seconds depending on ability level.|Kaksinkertaistaa ammusten ja aurojen koon. Ei pinoudu Oversized Relicin kanssa.|20% de chance no acerto de ganhar 2.5% de força por 5 segundos dependendo do nível da habilidade.|Doubles the size of projectiles and auras. Doesn't stack with the Oversized Relic|使投射物和光环的大小翻倍。不与超大遗迹叠加。|投影物とオーラのサイズを2倍にする。Oversized Relic」との併用はできません。|투사체와 오라의 크기를 두 배로 늘립니다. 특대 유물과 중첩되지 않습니다.|Verdoppelt die Größe von Projektilen und Auren. Lässt sich nicht mit dem Übergroßen Relikt stapeln.
effect_off_desc_53|Increases the size of your vision on the screen|Suurentaa näkymän kokoa näytöllä.|Aumenta o tamanho de sua visão na tela|Increases the size of your vision on the screen|增加你在屏幕上的视觉尺寸|画面に映る自分の姿が大きくなる|화면에서 시야의 범위를 늘립니다.|Erhöht die Größe des Bildes auf dem Bildschirm
effect_off_desc_54|Increases damage over time ability up time by 50%|Pidentää vauriota ajanmyötä pituutta 50%|Aumenta o tempo de ativação da habilidade de dano ao longo do tempo em 50%|Увеличивает время действия способностей с постепенным уроном на 50%.|将持续伤害能力的正常运行时间提高 50%|時間の経過に伴うダメージ能力のアップタイムが50％増加します|지속 피해 능력 증가 시간 50% 증가|Erhöht die Betriebszeit der Schaden-über-Zeit-Fähigkeit um 50 %
effect_off_desc_55|On kill, you gain 30% damage, 50% attack speed or 30% movement speed|Kun tapat, saat 30% vahinkoa, 50% hyökkäysnopeutta tai 30% liikenopeutta.|Ao matar, você ganha 30% de dano, 50% velocidade de ataque ou 30% velocidade de movimento|On kill, you gain 30% damage, 50% attack speed or 30% movement speed|杀死后，你获得30%的伤害、攻击速度或移动速度|キル時、ダメージ、攻撃速度、移動速度のいずれかが30%上昇する。|처치 시 30%의 피해량, 공격 속도 또는 이동 속도를 얻습니다.|Bei einem Kill erhalten Sie 30% Schaden, 50% Angriffstempo oder 30% Bewegungstempo
effect_off_desc_56|Chance on attack to throw a poison cloud that poisons and plagues all targets inside|Mahdollisuus heittää hyökkäyksen yhteydessä myrkkypilvi, joka myrkyttää ja vaivaa kaikkia sen sisällä olevia kohteita.|Chance no ataque de lançar uma nuvem de veneno que envenena e empesta todos os alvos dentro|Chance on attack to throw a poison cloud that poisons and plagues all targets inside|攻击时有机会扔出一个毒云，使里面的所有目标受到毒害和困扰|攻撃時に確率で、内部にいる全ての対象者を毒し、苦しめる毒雲を投げる。|공격 시 일정 확률로 내부의 모든 대상을 중독시키고 괴롭히는 독구름을 던집니다.|Chance, beim Angriff eine Giftwolke zu werfen, die alle Ziele darin vergiftet und plagt
effect_off_desc_57|55% chance on attack to shoot a fast homing missile at the closest target|55% mahdollisuus ampua hyökkäyksen yhteydessä nopea ohjus lähimpään kohteeseen.|55% de chance no ataque de atirar um míssel rápido teleguiado no alvo mais proximo|55% chance on attack to shoot a fast homing missile at the closest target|攻击时有55%的几率向最近的目标发射一枚快速归航导弹|攻撃時に55%の確率で最も近いターゲットに高速ホーミングミサイルを発射する|공격 시 55% 확률로 가장 가까운 목표물에 고속 유도 미사일을 발사합니다.|55 % Chance, beim Angriff eine schnelle Zielsuchrakete auf das nächstgelegene Ziel zu schießen
effect_off_desc_58|Your attacks launch 3 projectiles that have a 30% chance to cast an empowered Arcane Fury|Hyökkäyksesi laukaisevat 3 ammusta, joilla on 30 %:n mahdollisuus heittää voimaantunut Arcane Fury.|Seus ataques lançam 3 projéteis que tem uma chance de 30% de lançar uma fúria arcana melhorada|Your attacks launch 3 projectiles that have a 30% chance to cast an empowered Arcane Fury|你的攻击会发射3个投射物，这些投射物有30%的几率施放一个被赋予能力的奥术之怒。|攻撃時に30%の確率でArcane Furyが発動する3つの弾を発射する。|공격 시 30% 확률로 강화된 아케인 퓨리를 시전하는 3개의 발사체를 발사합니다.|Ihre Angriffe feuern 3 Projektile ab, die eine 30%ige Chance haben, einen verstärkten Arkanen Zorn zu wirken
effect_off_desc_59|Increases your Attack Power by 20% + (20% * ability level) when you are unarmed|Lisää automaattisen hyökkäyksesi vahinkoa 400% + (15% * vaikutustaso), kun olet aseeton.|Aumenta o seu poder de ataque em 20% + (10% * nível da habilidade) quando você está desarmado|Increases your autoattack damage by 400% + (15% * effect level) when you are unarmed|当你没有武器时，使你的自动攻击伤害增加400%+（15%*效果等级）。|非武装時の自動攻撃のダメージを400% + (15% * 効果レベル)増加させる。|비무장 상태일 때 기본 공격 피해가 400% + (15% * 어빌리티 레벨)만큼 증가합니다.|Erhöht den Schaden Ihres automatischen Angriffs um 400% + (15% * Effektstufe), wenn Sie unbewaffnet sind
effect_off_desc_60|Increases your Attack Power based on your Damage Return|Lisää hyökkäysvoimaasi vahinkopalautuksen perusteella.|Aumenta seu poder de ataque com base em seu retorno de dano|Increases your attack power based on your damage return|根据你的伤害回报增加你的攻击力|ダメージリターンに応じて攻撃力がアップします。|대미지 반환에 따라 공격력이 증가합니다.|Erhöht Ihre Angriffskraft basierend auf Ihrer Schadensrückgabe
effect_off_desc_61|Increases your Ability Power by 20% + (20% * ability level) when you are unarmed|Lisää kykyvahinkoasi 400% + (15% * vaikutustaso), kun olet aseeton.|Aumenta o seu poder de habilidade em 20% + (10% * nível da habilidade) quando você está desarmado|Increases your Ability Damage by 400% + (15% * effect level) when you are unarmed|当你没有武器时，使你的能力伤害增加400%+（15%*效果等级）。|非武装時のアビリティダメージを400% + (15% * 効果レベル)増加させる。|비무장 상태일 때 능력 피해 400% + (15% * 어빌리티 레벨) 증가|Erhöht Ihren Fähigkeitsschaden um 400% + (15% * Effektstufe), wenn Sie unbewaffnet sind
effect_off_desc_62|Chance on hit to cause a chain lightning that increases damage based on ability level|Mahdollisuus aiheuttaa osumalla ketjusalaman, joka lisää vahinkoa kyvykkyystason mukaan.|Chance no acerto de causar uma corrente de raio que aumenta de dano dependendo do nivel da habilidade|Chance on hit to cause a chain lightning that increases damage based on ability level|命中后有机会造成连锁闪电，根据能力等级增加伤害|ヒット時に確率で、アビリティレベルに応じてダメージが増加する連鎖雷撃を与える。|적중 시 어빌리티 레벨에 따라 피해를 증가시키는 체인 라이트닝을 일으킬 수 있습니다.|Chance, bei einem Treffer einen Kettenblitz zu verursachen, der den Schaden basierend auf der Fähigkeitsstufe erhöht
effect_off_desc_63|Chance on hit to cause you to do a sweeping Angelic slice around you|Mahdollisuus osuessa aiheuttaa sinulle pyyhkäisevän enkelimäisen viipaleen ympärilläsi.|Chance no acerto de fazer com que você cause uma fatia angelical arrebatadora em volta de você|Chance on hit to cause you to do a sweeping Angelic slice around you|命中后有机会使你在周围做一个横扫千军的Angelic slice。|ヒット時の確率で、自分の周囲を一掃するエンジェリック・スライスを行う。|적중 시 주위에 엔젤릭 슬라이스를 발생시킬 수 있습니다.|Chance, bei einem Treffer einen schwungvollen Angelic Slice um Sie herum zu machen
effect_off_desc_64|Chance on attack or ability cast to throw a piercing copy of your weapon at the enemy|Mahdollisuus hyökkäyksen tai kyvyn heiton yhteydessä heittää lävistävä kopio aseestasi vihollista kohti.|Chance no ataque ou habilidade de atirar uma cópia perfurante de sua arma no inimigo|Chance on attack or ability cast to throw a a piercing copy of your weapon at the enemy|攻击或施放能力时，有机会向敌人投掷一个你的武器的穿透性副本|攻撃時またはアビリティー・キャスト時に、自分の武器の貫通コピーを敵に投げつけるチャンス|공격 또는 능력 시전 시 적에게 날카로운 복제 무기를 던질 수 있습니다.|Chance, beim Angriff oder Fähigkeitswurf eine durchdringende Kopie Ihrer Waffe auf den Gegner zu werfen
effect_off_desc_65|Reduces your main damage by 50% but greatly increases your damage over time effects by 175%|Vähentää päävahinkoa 50 %, mutta lisää huomattavasti vahinkoa ajan myötä 175 %.|Reduz seus principais danos em 50%, mas aumenta muito seus danos ao longo do tempo em 175%|Reduces your main damage by 50% but greatly increases your damage over time effects by 175%|使你的主要伤害减少50%，但大大增加你的伤害时间效果175%。|自分のメインダメージを50%減少させるが、時間経過によるダメージ効果を175%と大幅に増加させる。|주 피해가 50% 감소하지만 지속 피해 효과가 175% 크게 증가합니다.|Verringert Ihren Hauptschaden um 50%, erhöht aber Ihre Schaden-über-Zeit-Effekte um 175%.
effect_off_desc_66|Increases burning damage by 300%|Hyökkäyksesi aiheuttavat kohteeseen yksittäisen pinon polttamista, joka aiheuttaa huomattavaa vahinkoa.|Seus ataques aplicam um acúmulo único de queimadura no alvo dando dano substancial|Your attacks apply a singular stack of burning on the target dealing substantial damage|你的攻击对目标施加一个单一的燃烧堆，造成巨大的伤害。|あなたの攻撃は、対象に大きなダメージを与える単一の燃焼スタックを適用します。|당신의 공격은 목표물에 화상을 입히고 상당한 피해를 입힌다.|Ihre Angriffe wenden einen einzelnen Stapel von Verbrennungen auf das Ziel an und verursachen erheblichen Schaden
effect_off_desc_67|Whenever you cast a spell you release a big blast wave damaging enemies around you based on your damage|Aina kun käytät loitsua, vapautat suuren räjähdysaallon, joka vahingoittaa vihollisia ympärilläsi.|Sempre que você lança um feitiço você libera uma grande onda de explosões que danifica os inimigos ao seu redor|Whenever you cast a spell you release a big blast wave damaging enemies around you|每当你施法时，你会释放一个大的爆炸波，伤害你周围的敌人。|呪文を唱えるたびに、周囲の敵にダメージを与える大きな爆発波を放つ。|주문을 시전할 때마다 주위의 적들에게 피해를 주는 큰 폭발파를 방출합니다.|Jedes Mal, wenn Sie einen Zauber wirken, setzen Sie eine große Druckwelle frei, die Feinde um Sie herum beschädigt
effect_off_desc_68|Whenever you cast a spell, you summon a wind shield that increases your movement and damage reduction by 10%|Aina kun käytät loitsua, kutsut esiin tuulisuojan, joka lisää liikettäsi ja vahingon vähennystäsi 10 %.|Sempre que você lança um feitiço, você invoca um escudo de vento que aumenta seu movimento e redução de dano em 10%.|Whenever you cast a spell, you summon a wind shield that increases your movement and damage reduction by 10%|每当你施展法术时，你会召唤一个风盾，使你的移动和伤害减免增加10%。|呪文を唱えるたびに風の盾を召喚し、自分の移動力とダメージ軽減率を10%増加させる|주문을 시전할 때마다 이동력과 피해 감소량이 10% 증가하는 윈드 쉴드를 소환합니다.|Immer, wenn Sie einen Zauber wirken, beschwören Sie einen Windschild, der Ihre Bewegung und Schadensreduktion um 10% erhöht
effect_off_desc_69|Emits a trail of noxious poison behind you that causes damage to enemies|päästää jälkeensä myrkyllistä myrkkyä, joka aiheuttaa vahinkoa vihollisille.|Emite um rastro de veneno nocivo atrás de você que causa danos aos inimigos|Emits a trail of noxious poison behind you that causes damage to enemies|在你身后发出一串有毒的毒药，对敌人造成伤害|敵にダメージを与える有害な毒の痕跡を自分の後ろに出す|적에게 피해를 입히는 유해한 독극물의 흔적을 뒤로 내뿜습니다.|Sendet eine Spur von schädlichem Gift hinter Ihnen aus, die bei Feinden Schaden verursacht
effect_off_desc_70|Upon going to 40% or less mana you gain 40% of maximum mana|Kun mana on 40 % tai vähemmän, saat 40 % maksimimanasta.|Ao ir para 40% ou menos de mana você ganha 40% da mana máxima|Upon going to 40% or less mana you gain 40% of maximum mana|当你的法力值降到40%或更低时，你会获得最大法力值的40%。|マナが40%以下になると、最大マナの40%を得る。|마나가 40% 이하가 되면 최대 마나의 40%를 얻습니다.|Wenn Sie auf 40 % oder weniger Mana gehen, erhalten Sie 40 % des maximalen Manas
effect_off_desc_71|Multiplies bleed damage based on your ability level|Kertoo verenvuotovahingon perustuen kykytasoosi.|Multiplica os danos por sangramento com base em seu nível de habilidade|Multiplies bleed damage based on your ability level|根据你的能力水平，增加流血的伤害|自分の能力レベルに応じてブリードダメージを倍増させる|당신의 어빌리티 레벨에 따라 출혈 피해를 곱합니다.|Multipliziert den Blutungsschaden basierend auf Ihrer Fähigkeitsstufe
effect_off_desc_72|Your attacks and abilities have a 25% to cause bleeding|Hyökkäyksilläsi ja kyvyilläsi on 25 % mahdollisuus aiheuttaa verenvuotoa.|Seus ataques e habilidades têm 25% para causar sangramento|Your attacks and abilities have a 25% to cause bleeding|你的攻击和能力有25%会造成出血|あなたの攻撃やアビリティは25％の確率で出血を引き起こします。|당신의 공격과 능력은 25%의 출혈을 일으킬 수 있습니다.|Ihre Angriffe und Fähigkeiten haben eine 25%ige Wahrscheinlichkeit, Blutungen zu verursachen
effect_off_desc_73|Makes you immune to all stuns, freezes, snares. But decreases movement speed by 150|Tekee sinusta immuuni kaikille tainnutuksille, jäädytyksille ja käärmeille. Mutta vähentää liikkumisnopeutta 150|Torna-o imune a todos os atordoamentos, congelamentos, armadilhas. Mas diminui a velocidade de movimento em 150|Makes you immune to all stuns, freezes, snares. But decreases movement speed by 150|使你对所有眩晕、冰冻、陷阱免疫。但移动速度降低150|すべてのスタン、フリーズ、スネアに免疫ができます。ただし、移動速度が150減少します。|모든 기절, 동결, 덫에 면역이 됩니다. 그러나 이동 속도가 150 감소합니다.|Macht Sie immun gegen alle Betäubungen, Einfrieren, Schlingen. Verringert aber die Bewegungsgeschwindigkeit um 150
effect_off_desc_74|85% of all element damage is applied as elemental damage|85 % kaikesta elementtivahingosta aiheutuu elementtivahinkona.|85% de todo o dano de elementos são aplicados como danos elemental|85% of all element damage is applied as elemental damage|所有元素伤害的85%作为元素伤害来应用|すべてのエレメント・ダメージの85%がエレメント・ダメージとして適用される。|모든 원소 피해의 85%가 원소 피해로 적용됩니다.|85 % aller Elementschäden werden als Elementarschaden angewendet
effect_off_desc_75|Causes Your bleeding to add additional stacks based off ability roll|Aiheuttaa verenvuodon lisäämään lisää pinoja kyvyn heiton perusteella.|Faz com que seu sangramento adicione acúmulos adicionais baseado no nível da habilidade|Causes Your bleeding to add additional stacks based off ability roll|导致你的出血量在能力卷的基础上增加额外的堆积量|アビリティロールに基づいて、あなたの出血に追加のスタックを発生させます。|출혈로 인해 어빌리티 레벨에 따라 추가 스택이 추가됩니다.|Bewirkt, dass Ihre Blutungen zusätzliche Stapel basierend auf dem Fähigkeitswurf hinzufügen
effect_off_desc_76|Each ability cast adds your total Magic Damage to your next auto attack stacking up to 10 times|Jokainen heitetty kyky lisää taikavahinkojesi kokonaismäärää seuraavaan automaattiseen hyökkäykseesi, joka pinoutuu enintään 10 kertaa.|Cada habilidade lançada adiciona seu dano mágico total no próximo ataque básico, acumulando até 10 vezes|Each ability cast adds your total Magic Damage to your next auto attack stacking up to 10 times|每次施放能力都会为你的下一次自动攻击增加总的魔法伤害，最多可叠加10次。|アビリティを唱えるたびに、次の自動攻撃に自分の合計魔法ダメージが加算され、最大10回まで重ねることができる。|각 능력 시전은 다음 기본 공격에 총 마법 피해를 추가하여 최대 10번까지 중첩됩니다.|Jede gewirkte Fähigkeit addiert Ihren gesamten Magieschaden zu Ihrem nächsten automatischen Angriff, der bis zu 10 Mal gestapelt werden kann
effect_off_desc_77|Has a 10% chance to create a large Sandstorm on attack |10 %:n mahdollisuus luoda suuri hiekkamyrsky hyökkäyksen yhteydessä.|Tem 10% de chance de criar uma grande tempestade de areia no ataque|Has a 10% chance to create a large Sandstorm on attack |攻击时有10%的几率产生大型沙尘暴|攻撃時に10%の確率で大規模な砂嵐を発生させる。|공격 시 10%의 확률로 거대한 모래 폭풍을 생성합니다.|Hat eine 10%ige Chance, beim Angriff einen großen Sandsturm zu erzeugen
effect_off_desc_78|Unleash Kallik’s fury causing every attack increases your attack speed by 10% and lasts for 2 seconds. This stacks up to 10 times|Vapauta Kallikin raivo, jolloin jokainen hyökkäys lisää hyökkäysnopeuttasi 10 % ja kestää 2 sekuntia. Tämä pinoutuu jopa 10 kertaa|Liberta a fúria de Kallik fazendo com que cada ataque aumente a sua velocidade de ataque em 10% e dura 2 segundos. Pode acumular até 10 vezes|Unleash Kallik’s fury causing every attack increases your attack speed by 10% and lasts for 2 seconds. This stacks up to 10 times|释放Kallik的怒火，使你的每次攻击都能增加10%的攻击速度，并持续2秒。这个效果最多可以叠加10次|Unleash Kallik's fury causing every attackで自分の攻撃速度が10%上がり、2秒間持続する。この効果は10回まで適用される|모든 공격을 유발하는 칼릭의 분노를 발산하면 공격 속도가 10% 증가하고 2초 동안 지속됩니다. 최대 10번까지 중첩됩니다.|Entfesselt Kalliks Wut, wodurch jeder Angriff Ihr Angriffstempo um 10% erhöht und 2 Sekunden lang anhält. Dies stapelt sich bis zu 10 Mal
effect_off_desc_79|15% chance on hit to create a large line of flaming shadows|15% mahdollisuus luoda osumalla suuri liekehtivien varjojen rivi.|15% de chance no acerto de criar uma grande linha de sombras flamejantes|15% chance on hit to create a large line of flaming shadows|命中时有15%的几率产生一大片火焰影子|ヒット時に15%の確率で、炎のような大きな影の列を作る。|명중 시 15%의 확률로 거대한 화염 그림자를 생성합니다.|15% Chance, bei einem Treffer eine große Linie von flammenden Schatten zu erzeugen
effect_off_desc_80|5% chance on being hit hit to gain a shield for 2% of your max HP over 5 seconds. Stacks 3 times|5 %:n mahdollisuus saada suojasi 2 % maksimi HP:stäsi 5 sekunnin ajan, kun saat osuman. Pinoutuu 3 kertaa|5% de chance ao ser atingido de ganhar um escudo de 2% da sua vida máxima por 5 segundos. Acumula 3 vezes|5% chance on being hit hit to gain a shield for 2% of your max HP over 5 seconds. Stacks 3 times|被击中时有5%的几率获得一个最大HP2%的护盾，持续5秒。叠加3次|被弾時に5%の確率で、5秒間に渡って最大HPの2%分のシールドを得る。3回スタックする|피격 시 5% 확률로 5초에 걸쳐 최대 HP의 2%에 해당하는 보호막을 얻습니다. 3번 중첩됩니다.|5% Chance bei einem Treffer, einen Schild für 2% Ihrer maximalen HP über 5 Sekunden zu erhalten. Stapelt 3 Mal
effect_off_desc_81|Throw 5 scimitars while using scimitar throw. These scimitars will bounce between enemies|Heitä 5 saksiharjaa käyttäessäsi saksiharjan heittoa. Nämä sapelit pomppivat vihollisten välillä.|Lança 5 cimitarras enquanto usa Lançamento de Cimitarra. Essas cimitarras vão quicar entre inimigos|Throw 5 scimitars while using scimitar throw. These scimitars will bounce between enemies|在使用弯刀投掷时投掷5把弯刀。这些弯刀会在敌人之间弹跳。|シミタースローを使いながら、シミターを5本投げる。このシミターは敵の間で跳ね返ります|시미터 던지기를 사용하는 동안 시미터 5개를 던지십시오. 이 시미터는 적들 사이를 튕겨 나갈 것입니다.|Werfen Sie 5 Krummsäbel, während Sie den Krummsäbelwurf verwenden. Diese Krummsäbel hüpfen zwischen den Feinden hin und her
effect_off_desc_82|When hit gain a shield based off 100% of your elemental damage for 2 seconds on a 20 second CD|Osuessasi saat suojan, joka perustuu 100% elementtivahingon (erityisesti elementtivahingon) kokonaismäärään 2 sekunnin ajan 20 sekunnin CD:n ajan.|Ao ser atingido, ganhe um escudo baseado em 100% do seu dano elemental (especificamente dano elemental) total por 2 segundos com um tempo de recarga de 20 segundos|When hit gain a shield based off 100% of your elemental damage (specifically elemental damage) total for 2 seconds on a 20 second CD|当被击中时，获得一个基于你100%的元素伤害（特别是元素伤害）的护盾，持续2秒，CD为20秒。|被弾時、20秒のCDで2秒間、自分のエレメンタル・ダメージ（特にエレメンタル・ダメージ）の合計値の100％に基づくシールドを得る。|적중 시 20초 쿨다운에서 2초 동안 총 원소 피해(특히 원소 피해)의 100%에 따라 보호막을 얻습니다.|Wenn Sie getroffen werden, erhalten Sie einen Schild, der auf 100% Ihres gesamten Elementarschadens (speziell Elementarschaden) basiert, für 2 Sekunden mit einer CD von 20 Sekunden
effect_off_desc_83|All damage over time lasts 30% longer|Kaikki pisteet kestävät 30 % pidempään.|Todos os efeitos de dano ao longo do tempo duram 30% mais tempo|All dots last 30% longer.|所有圆点的使用寿命延长30%。|全てのドットが30％長持ちします。|모든 도트 데미지는 30% 더 오래 지속됩니다.|Alle Dots halten 30% länger.
effect_off_desc_84|Can roll any non enchantment ability|Voi heittää minkä tahansa muun kuin loitsukyvyn|Pode rolar qualquer habilidade não encantável|Can roll any non enchantment ability|可以滚动任何非魔法的能力|エンチャント以外の任意の能力をロールすることができます。|마법 부여가 아닌 모든 능력을 굴릴 수 있습니다.|Kann jede nicht verzauberte Fähigkeit würfeln
effect_off_desc_85|5% chance on hit that spills high damage coffee everywhere which makes the user very angry|5% mahdollisuus osumasta, joka roiskii korkeaa vahinkoa aiheuttavaa kahvia kaikkialle, mikä tekee käyttäjän hyvin vihaiseksi.|5% de chance no acerto de espirrar café de alto dano para todos os lados que deixam o usuário muito irritado|5% chance on hit that spills high damage coffee everywhere which makes the user very angry|5%的几率命中，使高伤害的咖啡洒得到处都是，这让使用者非常生气。|ヒット時に5%の確率で、高ダメージのコーヒーをどこにでもこぼし、ユーザーを激怒させる。|적중 시 5%의 확률로 높은 데미지의 커피를 사방에 쏟아 사용자를 매우 화나게 합니다.|5 % Chance bei einem Treffer, dass Kaffee mit hohem Schaden überall verschüttet wird, was den Benutzer sehr wütend macht
effect_off_desc_86|15% chance on hit to cause your target to bleed. Also bleed damage is increased for 3 seconds|15 prosentin mahdollisuus osumalla aiheuttaa kohteellesi verenvuotoa. Myös verenvuotovahinko kasvaa 3 sekunnin ajan.|15% de chance de causar sangramento em seu alvo. O dano de sangramento também é aumentado em 3 segundos.|15% chance on hit to cause your target to bleed. Also bleed damage is increased for 3 seconds|命中时有15%的几率使你的目标流血。同时流血伤害增加3秒|ヒット時に15%の確率でターゲットにブリードを与える。さらに3秒間、出血のダメージが増加する|명중 시 15%의 확률로 대상을 출혈시킵니다. 또한 3초 동안 출혈 피해가 증가합니다.|15% Chance bei einem Treffer, Ihr Ziel zum Bluten zu bringen. Außerdem wird der Blutungsschaden für 3 Sekunden erhöht
effect_off_desc_87|Launches elemental bolts that bounce between a few enemies|Laukaisee elementaalipultteja, jotka pomppivat muutaman vihollisen välillä.|Lança raios elementais que quicam entre pouco inimigos|Launches elemental bolts that bounce between a few enemies|发射元素弹，在几个敌人之间弹跳。|数人の敵の間で跳ね返るエレメンタル・ボルトを発射する。|소수의 적 사이를 튕기는 엘리멘탈 볼트를 발사합니다.|Schießt Elementarblitze ab, die zwischen einigen Gegnern hin- und herspringen
effect_off_desc_88|Your bleeding stacks have a 10% increased duration based on ability level|Verenvuodon pinoamisesi kesto kasvaa 10 % kyvykkyystason mukaan.|Seus acúmulos de sangramento tem 10% de duração baseado no nível da habilidade|Your bleeding stacks have a 10% increased duration based on ability level|根据能力等级，你的流血叠加的持续时间增加10%。|能力値に応じて、出血の持続時間が10%増加する。|출혈 스택의 지속 시간은 어빌리티 레벨에 따라 10% 증가합니다.|Ihre Blutungsstapel haben eine um 10% erhöhte Dauer basierend auf der Fähigkeitsstufe
effect_off_desc_89|Chance on hit to apply multiple debuffs to enemies|Mahdollisuus osumalla soveltaa vihollisiin useita heikentäjiä.||Chance on hit to apply multiple debuffs to enemies|命中后有机会对敌人施加多重debuff|ヒット時に確率で敵に複数のデバフをかける|적중 시 일정 확률로 적에게 여러 디버프를 적용합니다.|Chance, bei einem Treffer mehrere Schwächungszauber auf Gegner anzuwenden
effect_off_desc_90|Makes all leech instant|Tekee kaikista leech instant|Torna todo o roubo de vida/mana instantâneo|Makes all leech instant|使得所有水蛭瞬间|すべてのリーチをインスタントにする|모든 흡혈을 즉시 획득합니다.|Macht alle Blutegel sofort
effect_off_desc_91|5% chance on attack to launch an elemental bullet dealing heavy damage and piercing enemies.|5 %:n mahdollisuus laukaista hyökkäyksen yhteydessä erittäin nopea lävistävä elementtiluoti, joka aiheuttaa voimakasta vahinkoa ja lävistää vihollisia.|5% de chance no ataque de lançar uma rápida bala penetrante elemental dando dano massivo e penetrando inimigos|5% chance on attack to launch a very quick piercing elemental bullet dealing heavy damage and piercing enemies.|攻击时有5%的几率发射一个非常快速的穿透性元素子弹，造成重伤并刺穿敌人。|攻撃時に5%の確率で、非常に素早い貫通エレメント弾を発射し、敵に大ダメージを与えて貫通させる。|공격 시 5%의 확률로 매우 빠른 관통 원소 탄환을 발사하여 큰 피해를 입히고 적을 관통합니다.|5% Chance beim Angriff, ein sehr schnelles, durchdringendes Elementargeschoss abzuschießen, das schweren Schaden verursacht und Gegner durchbohrt.
effect_off_desc_92|Chance on attack to saw down a large tree to topple on top of your enemies dealing heavy damage|Sahaa iso puu kaatumaan vihollisten päälle.|Serre uma grande árvore para tombar em cima dos seus inimigos|Saw down a large tree to topple on top of your enemies|锯倒一棵大树，让它倒在你的敌人头上|大木を伐採して敵の上に乗せる|큰 나무를 아래로 톱질하여 적 위에 쓰러뜨리세요.|Sägen Sie einen großen Baum um, der auf Ihre Feinde stürzt
effect_off_desc_93|20% chance on hit that increases attack speed by 300% for 2 seconds 20 second cooldown.|20 %:n mahdollisuus lisätä hyökkäysnopeutta 300 % 2 sekunnin ajan 20 sekunnin jäähdytysaika.|20% de chance no acerto de aumentar a velocidade de ataque em 300% por 2 segundos. 20 segundos de tempo de recarga|20% chance on hit that increases attack speed by 300% for 2 seconds 20 second cooldown.|命中时有20%的几率使攻击速度提高300%，持续2秒，冷却时间20秒。|ヒット時に20%の確率で2秒間、攻撃速度が300%増加する 20秒のクールダウン|명중 시 20% 확률로 2초 동안 공격 속도 300% 증가, 재사용 대기시간 20초.|20% Chance, dass bei einem Treffer das Angriffstempo für 2 Sekunden um 300% erhöht wird, 20 Sekunden Abklingzeit.
effect_off_desc_94|Grants the Whirlwind ability based on ability roll|Antaa Whirlwind-kyvyn kyvyn heiton perusteella.|Concede a habilidade de redemoinho baseado no nível da habilidade|Grants the Whirlwind ability based on ability roll|根据能力卷赋予旋风能力|アビリティロールに応じて「Whirlwind」能力を付与する。|어빌리티 레벨에 따라 휠윈드 능력을 부여합니다.|Gewährt die Fähigkeit Wirbelwind basierend auf dem Fähigkeitswurf
effect_off_desc_95|60% chance on attack to create a narrow Shockwave and smaller ones to nearby enemies [Physical]|60 %:n mahdollisuus luoda hyökkäyksen yhteydessä kapea shokkiaalto ja pienempiä shokkiaaltoja läheisiin vihollisiin. Fyysinen.|60% chance no ataque de criar uma onda de choque estreita e outras pequenas em inimigos próximos. Baseado em dano físico|60% chance on attack to create a narrow Shockwave and smaller ones to nearby enemies. Physical based.|攻击时有60%的几率对附近的敌人产生一个狭窄的冲击波和更小的冲击波。基于物理。|攻撃時に60%の確率で狭い範囲の衝撃波を発生させ、近くの敵にも小さい衝撃波を発生させる。物理ベース。|공격 시 60% 확률로 좁은 충격파를 생성하고 주변 적에게 더 작은 충격파를 생성합니다. 물리적 기반.|60 % Chance, bei einem Angriff eine schmale Schockwelle und kleinere Schockwellen für Gegner in der Nähe zu erzeugen. Physikalisch basiert.
effect_off_desc_96|10% chance on attack to do 2 huge silver sweeping attacks|10% mahdollisuus tehdä 2 valtavaa hopeista pyyhkäisevää hyökkäystä hyökkäyksen yhteydessä.|10% de chance no ataque de fazer 2 enormes ataques de varredura de prata|10% chance on attack to do 2 huge silver sweeping attacks|攻击时有10%的机会进行2次巨大的银色横扫攻击|攻撃時に10%の確率で巨大な銀の掃射攻撃を2回行う|공격 시 10% 확률로 2회의 거대한 은색 공격을 합니다.|10% Chance, bei einem Angriff 2 riesige silberne Fegeangriffe auszuführen
effect_off_desc_97|Shoot three consecutive shots that explode on impact|Ammu kolme peräkkäistä laukausta, jotka räjähtävät osuessaan.|Dispara três tiros consecutivos que explodem no impacto|Shoot three consecutive shots that explode on impact|连续射出三枪，击中后爆炸|着弾時に爆発する3連射|적중 시 폭발하는 연속 3발을 쏘세요.|Schießen Sie drei aufeinanderfolgende Schüsse, die beim Aufprall explodieren
effect_off_desc_98|Targets enemy armor which performs a quick succession of attacks applying a debuff that increases the enemy damage taken. Lasts 5 seconds|Targets enemy armor which performs a quick succession of attacks applying a debuff that increases the enemy damage taken. Lasts 5 seconds|Targets enemy armor which performs a quick succession of attacks applying a debuff that increases the enemy damage taken. Lasts 5 seconds|Targets enemy armor which performs a quick succession of attacks applying a debuff that increases the enemy damage taken. Lasts 5 seconds|Targets enemy armor which performs a quick succession of attacks applying a debuff that increases the enemy damage taken. Lasts 5 seconds|Targets enemy armor which performs a quick succession of attacks applying a debuff that increases the enemy damage taken. Lasts 5 seconds|Targets enemy armor which performs a quick succession of attacks applying a debuff that increases the enemy damage taken. Lasts 5 seconds|Targets enemy armor which performs a quick succession of attacks applying a debuff that increases the enemy damage taken. Lasts 5 seconds
effect_off_desc_99|Summons 4 corpses every 12 seconds|Kutsuu 4 ruumista 12 sekunnin välein|Convoca 4 corpos a cada 12 segundos|Summons 4 corpses every 12 seconds|每12秒召唤4具尸体|12秒ごとに4体の死体を召喚する。|12초마다 4개의 시체를 소환합니다.|Beschwört alle 12 Sekunden 4 Leichen
effect_off_desc_100|Increases cold damage by 20% for each attack made. This lasts only 3 seconds per attack|Lisää kylmävahinkoa 20 % jokaisella tehdyllä hyökkäyksellä. Tämä kestää vain 3 sekuntia hyökkäystä kohden.|Aumenta o dano de gelo em 20% por cada ataque feito. Isso dura apenas 3 segundos por cada ataque feito.|Increases cold damage by 20% for each attack made. This lasts only 3 seconds per attack|每次攻击时增加20%的寒冷伤害。每次攻击只持续3秒|攻撃を行うたびに冷気ダメージが20％増加する。この効果は1回の攻撃につき3秒しか持続しない|공격할 때마다 냉기 피해가 20% 증가합니다. 공격당 3초만 지속됩니다.|Erhöht den Kälteschaden bei jedem Angriff um 20 %. Dies hält nur 3 Sekunden pro Angriff an
effect_off_desc_101|You gain 100% elemental damage when you are standing far away from enemies for 2 seconds|Mitä kauempana olet vihollisista, sitä enemmän elementtivahinkoa saat, jopa 100 %.|Quanto mais longe você fica dos inimigos mais dano elemental você ganha até 100%|The farther you are from enemies the more elemental damage you gain up to 100%|你离敌人越远，你获得的元素伤害越多，最高可达100%。|敵との距離が離れているほど、最大100%のエレメンタルダメージを得ることができます。|적으로부터 멀어질수록 원소 피해를 최대 100%까지 얻습니다.|Je weiter Sie von Feinden entfernt sind, desto mehr Elementarschaden erhalten Sie bis zu 100 %.
effect_off_desc_102|Chance on hit to mark the target temporarily increasing the damage the enemy takes |Mahdollisuus osumalla merkitä kohde väliaikaisesti lisäämällä vihollisen saamaa vahinkoa.|Chance no acerto de marcar o alvo temporariamente aumentando o dano que ele leva|Chance on hit to mark the target temporarily increasing the damage the enemy takes |命中后有机会标记目标，暂时增加敌人受到的伤害|命中時に確率でターゲットをマークし、敵が受けるダメージを一時的に増加させる。|적중 시 일정 확률로 대상을 표시하여 일시적으로 적이 받는 피해를 증가시킵니다.|Chance, bei einem Treffer das Ziel zu markieren, wodurch der Schaden, den der Gegner erleidet, vorübergehend erhöht wird
effect_off_desc_103|Your auto attack triggers a Pentaslash dealing 175% of your weapons damage per hit 5 times in succession|Automaattinen hyökkäyksesi laukaisee Pentaslashin, joka aiheuttaa 175 % aseesi vahingosta osumaa kohti 5 kertaa peräkkäin.|Seu ataque básico desencadeia um pentaslash dando 175% do seu dano de arma por acerto 5 vezes em sucessão|Your auto attack triggers a Pentaslash dealing 175% of your weapons damage per hit 5 times in succession|你的自动攻击会触发五雷轰顶，连续5次对你的武器造成175%的伤害。|自身のオートアタックでペンタスラッシュを発動し、1ヒットにつき自身の武器の175%のダメージを5回連続で与える。|기본 공격은 펜타슬래시를 발동시켜 적중 시 무기 피해의 175%를 연속 5회 공격합니다.|Ihr automatischer Angriff löst einen Pentaslash aus, der 5 Mal in Folge 175% Ihres Waffenschadens pro Treffer verursacht
effect_off_desc_104|Chance when taking damage to create a rotating blade around you dealing damage [Armor]|Mahdollisuus osuessa luoda pyörivä terä ympärillesi.|Chance no acerto de criar uma lâmina rotativa em volta de você|Chance on hit to create a rotating blade around you|命中后有机会在你周围形成一个旋转的刀片|ヒット時に確率で自分の周りに回転刃を出す|적중 시 주위에 회전하는 칼날이 생성됩니다.|Chance, bei einem Treffer eine rotierende Klinge um Sie herum zu erzeugen
effect_off_desc_105|Your Auto attacks have a chance to swing in a 360 radius dealing damage 800% weapon damage|Automaattisilla hyökkäyksilläsi on mahdollisuus heilahtaa 360 säteen säteellä aiheuttaen vahinkoa 120% asevahinkoa.|Seus ataques básicos tem uma chance de balançar num raio de 360 dando 120% do dano de arma|Your Auto attacks have a chance to swing in a 360 radius dealing damage 120% weapon damage|你的自动攻击有机会在360范围内挥舞，造成120%的武器伤害。|自身のオートアタックが確率で半径360度に振り回され、120%の武器ダメージを与える。|기본 공격이 일정 확률로 360 반경을 휘둘러 무기 피해의 120%에 해당하는 피해를 입힙니다.|Ihre Auto-Angriffe haben eine Chance, in einem 360-Radius zu schwingen und dabei 120% Waffenschaden zu verursachen
effect_off_desc_106|Chance on hit to gain attack speed and cause burning with every attack|Mahdollisuus saada hyökkäysnopeutta ja kyky aiheuttaa polttamista jokaisella hyökkäyksellä.|Chance no acerto de ganhar velocidade de ataque e a habilidade de causar queimaduras com cada ataque|Chance on hit to gain attack speed and the ability to cause burning with every attack|命中后有机会获得攻击速度和每次攻击造成燃烧的能力|ヒット時に確率で攻撃速度が上がり、すべての攻撃で燃焼を起こす能力を得る。|적중 시 공격 속도와 모든 공격에 화상을 입힐 수 있는 능력을 얻을 수 있습니다.|Chance, bei einem Treffer die Angriffsgeschwindigkeit zu erhöhen und die Fähigkeit, mit jedem Angriff Verbrennungen zu verursachen
effect_off_desc_107|Spawns a meteor that impacts the ground dealing damage and leaving burning flames to scorch enemies|Synnyttää meteorin, joka iskeytyy maahan aiheuttaen vahinkoa ja jättäen palavia liekkejä polttamaan vihollisia.|Gera um meteoro que impacta no chão dando dano e deixando chamas ardentes para chamuscar inimigos|Spawns a meteor that impacts the ground dealing damage and leaving burning flames to scorch enemies|产生一颗流星，撞击地面造成伤害，并留下燃烧的火焰烧伤敌人。|隕石を発生させ、地面に衝突させてダメージを与え、燃え盛る炎で敵を焦がす。|지면에 충돌하는 유성을 생성하여 피해를 입히고 적에게 불타는 화염을 남깁니다.|Erzeugt einen Meteor, der in den Boden einschlägt, Schaden verursacht und brennende Flammen hinterlässt, die Gegner verbrennen
effect_off_desc_108|25% chance on attack to apply a poison stack dealing 125% poison damage|25 %:n mahdollisuus saada myrkkypino hyökkäyksen yhteydessä.|25% de chance no ataque de aplciar um acúmulo de veneno|25% chance on attack to apply a poison stack|攻击时有25%的几率施加一个毒药堆|攻撃時に25%の確率で毒のスタックを適用する|공격 시 25% 확률로 독 스택을 적용합니다.|25% Chance, bei einem Angriff einen Giftstapel anzuwenden
effect_off_desc_109|25% chance on attack to apply both armor break and elemental break. These roll independently|25 % mahdollisuus käyttää hyökkäyksessä sekä panssarimurtoa että elementtimurtoa. Nämä rullaavat itsenäisesti|25% de chance no ataque de aplicar tanto quebra de armadura quanto quebra elemental. Os dois rolam independentemente|25% chance on attack to apply both armor break and elemental break. These roll independently|攻击时有25%的机会同时应用破甲和元素破损。这些都是独立滚动的|攻撃時に25%の確率でアーマーブレイクとエレメンタルブレイクの両方を適用する。これらは独立してロールする|공격 시 25% 확률로 아머 브레이크와 엘리멘탈 브레이크를 모두 적용합니다. 이들은 독립적으로 적용됩니다.|25 % Chance bei einem Angriff, sowohl Rüstungsbruch als auch Elementarbruch anzuwenden. Diese rollen unabhängig voneinander
effect_off_desc_110|Projectiles explode on impact|Ammukset räjähtävät osuessaan.|Os projéteis explodem no impacto|Projectiles explode on impact.|投射物在撞击时发生爆炸。|衝突すると爆発する。|발사체는 충돌 시 폭발합니다.|Projektile explodieren beim Aufprall.
effect_off_desc_111|Shoot two additional projectiles with a chance to inflict Plague on target|Ammu kaksi ylimääräistä ammusta, joilla on mahdollisuus aiheuttaa kohteeseen ruttoa.|Atire dois projéteis adicionais com uma chance de infligir Peste no alvo|Shoot two additional projectiles with a chance to inflict Plague on target.|射出两个额外的弹丸，有机会对目标造成瘟疫。|追加で2発の弾丸を撃ち、確率で対象にPlagueを与える。|2개의 추가 발사체를 발사하여 일정 확률로 대상에 역병을 가합니다.|Schießen Sie zwei zusätzliche Projektile ab, die eine Chance haben, dem Ziel die Seuche zuzufügen.
effect_off_desc_112|Chance on hit to break enemy Cold resistance|Mahdollisuus murtaa vihollisen kylmänkestävyys osumalla.|Chance no acerto de quebrar a resistência ao gelo do inimigo|Chance on hit to break enemy Cold resistance.|命中后有几率打破敌人的抗寒能力。|ヒット時に確率で敵の冷気耐性を破壊する。|적중 시 일정 확률로 적의 냉기 저항을 깨뜨립니다.|Chance, bei einem Treffer den gegnerischen Kältewiderstand zu brechen.
effect_off_desc_113|Chance on hit to break enemy Fire resistance|Mahdollisuus murtaa vihollisen tulenkestävyys osumalla.|Chance no acerto de quebrar a resistência ao fogo do inimigo.|Chance on hit to break enemy Fire resistance.|命中后有机会打破敌人的火抗。|ヒット時に確率で敵の火炎耐性を破壊する。|적중 시 일정 확률로 적의 화염 저항을 깨뜨립니다.|Chance bei einem Treffer, den gegnerischen Feuerwiderstand zu brechen.
effect_off_desc_114|Chance on hit to break enemy Lightning resistance|Mahdollisuus murtaa vihollisen salamavastus osumalla.|Chance no acerto de quebrar a resistência a raios do inimigo.|Chance on hit to break enemy Lightning resistance.|命中后有机会打破敌人的闪电抗性。|ヒット時に確率で敵の雷耐性を破壊する。|적중 시 일정 확률로 적의 번개 저항을 깨뜨립니다.|Chance, bei einem Treffer den gegnerischen Blitzwiderstand zu brechen.
effect_off_desc_115|Chance on hit to break enemy Wind resistance|Mahdollisuus murtaa vihollisen tuulenkestävyys osumalla.|Chance no acerto de quebrar a resistência a vento do inimigo.|Chance on hit to break enemy Wind resistance.|命中后有几率打破敌人的风属性抵抗。|ヒット時に確率で敵の風属性耐性を破壊する。|적중 시 일정 확률로 적의 바람 저항을 깨뜨립니다.|Chance bei einem Treffer, den gegnerischen Windwiderstand zu brechen.
effect_off_desc_116|Chance on hit to break enemy Poison resistance|Mahdollisuus murtaa vihollisen myrkkyvastarinta osumalla.|Chance no acerto de quebrar a resistência a veneno do inimigo.|Chance on hit to break enemy Poison resistance.|命中后有机会打破敌人的毒药抗性。|ヒット時に確率で敵の毒物耐性を解除する。|적중 시 일정 확률로 적의 독 저항을 깨뜨립니다.|Chance, bei einem Treffer den gegnerischen Giftwiderstand zu brechen.
effect_off_desc_117|Reduces your total required set items needed to complete the set bonus by 1. This only applies to sets with 4 or more items|Reduces your total required set items needed to complete the set bonus by 1. This only applies to sets with 4 or more items|Reduces your total required set items needed to complete the set bonus by 1. This only applies to sets with 4 or more items|Reduces your total required set items needed to complete the set bonus by 1. This only applies to sets with 4 or more items|Reduces your total required set items needed to complete the set bonus by 1. This only applies to sets with 4 or more items|Reduces your total required set items needed to complete the set bonus by 1. This only applies to sets with 4 or more items|Reduces your total required set items needed to complete the set bonus by 1. This only applies to sets with 4 or more items|Reduces your total required set items needed to complete the set bonus by 1. This only applies to sets with 4 or more items
effect_off_desc_118|Chance on hit to cause a massive lightning bolt to hit the ground in front of you dealing area damage|Chance on hit to cause a massive lightning bolt to hit the ground in front of you dealing area damage|Chance on hit to cause a massive lightning bolt to hit the ground in front of you dealing area damage|Chance on hit to cause a massive lightning bolt to hit the ground in front of you dealing area damage|Chance on hit to cause a massive lightning bolt to hit the ground in front of you dealing area damage|Chance on hit to cause a massive lightning bolt to hit the ground in front of you dealing area damage|Chance on hit to cause a massive lightning bolt to hit the ground in front of you dealing area damage|Chance on hit to cause a massive lightning bolt to hit the ground in front of you dealing area damage
effect_off_desc_119|Chance upon taking damage to pull nearby enemies close to you then you release Heaven’s Judgment upon them|Heaven's Judgment|Heaven's Judgment|Heaven's Judgment|Heaven's Judgment|Heaven's Judgment|Heaven's Judgment|Heaven's Judgment
effect_off_desc_120|Chance on attack or ability cast to shoot 3 small blood shards in your facing direction. A portion of the damage done will return as health|Chance on attack or ability cast to shoot 3 small blood shards in your facing direction. A portion of the damage done will return as health|Chance on attack or ability cast to shoot 3 small blood shards in your facing direction. A portion of the damage done will return as health|Chance on attack or ability cast to shoot 3 small blood shards in your facing direction. A portion of the damage done will return as health|Chance on attack or ability cast to shoot 3 small blood shards in your facing direction. A portion of the damage done will return as health|Chance on attack or ability cast to shoot 3 small blood shards in your facing direction. A portion of the damage done will return as health|Chance on attack or ability cast to shoot 3 small blood shards in your facing direction. A portion of the damage done will return as health|Chance on attack or ability cast to shoot 3 small blood shards in your facing direction. A portion of the damage done will return as health
effect_off_desc_121|Runic Power chance on ability cast to increase your magic damage for 2 seconds, stacking up to 10 times|Runic Power chance on ability cast to increase your magic damage for 2 seconds, stacking up to 10 times|Runic Power chance on ability cast to increase your magic damage for 2 seconds, stacking up to 10 times|Runic Power chance on ability cast to increase your magic damage for 2 seconds, stacking up to 10 times|Runic Power chance on ability cast to increase your magic damage for 2 seconds, stacking up to 10 times|Runic Power chance on ability cast to increase your magic damage for 2 seconds, stacking up to 10 times|Runic Power chance on ability cast to increase your magic damage for 2 seconds, stacking up to 10 times|Runic Power chance on ability cast to increase your magic damage for 2 seconds, stacking up to 10 times
effect_off_desc_122|Chance on attack & cast to hit the target causing an ice nova. Each enemy hit by this ice nova would also cast smaller ice nova that deals less damage|Chance on attack & cast to hit the target causing an ice nova. Each enemy hit by this ice nova would also cast smaller ice nova that deals less damage|Chance on attack & cast to hit the target causing an ice nova. Each enemy hit by this ice nova would also cast smaller ice nova that deals less damage|Chance on attack & cast to hit the target causing an ice nova. Each enemy hit by this ice nova would also cast smaller ice nova that deals less damage|Chance on attack & cast to hit the target causing an ice nova. Each enemy hit by this ice nova would also cast smaller ice nova that deals less damage|Chance on attack & cast to hit the target causing an ice nova. Each enemy hit by this ice nova would also cast smaller ice nova that deals less damage|Chance on attack & cast to hit the target causing an ice nova. Each enemy hit by this ice nova would also cast smaller ice nova that deals less damage|Chance on attack & cast to hit the target causing an ice nova. Each enemy hit by this ice nova would also cast smaller ice nova that deals less damage
effect_off_desc_123|Channeling your Blood Surge will now deal additional damage per second but also increase the mana cost per second|Channeling your Blood Surge will now deal additional damage per second but also increase the mana cost per second|Channeling your Blood Surge will now deal additional damage per second but also increase the mana cost per second|Channeling your Blood Surge will now deal additional damage per second but also increase the mana cost per second|Channeling your Blood Surge will now deal additional damage per second but also increase the mana cost per second|Channeling your Blood Surge will now deal additional damage per second but also increase the mana cost per second|Channeling your Blood Surge will now deal additional damage per second but also increase the mana cost per second|Channeling your Blood Surge will now deal additional damage per second but also increase the mana cost per second
effect_off_desc_124|Gain an empowered Spirit Wolf when casting Spirit Wolves. This empowered Wolf will increase your Hero & Wolves damage and movement speed|Gain an empowered Spirit Wolf when casting Spirit Wolves. This empowered Wolf will increase your Hero & Wolves damage and movement speed|Gain an empowered Spirit Wolf when casting Spirit Wolves. This empowered Wolf will increase your Hero & Wolves damage and movement speed|Gain an empowered Spirit Wolf when casting Spirit Wolves. This empowered Wolf will increase your Hero & Wolves damage and movement speed|Gain an empowered Spirit Wolf when casting Spirit Wolves. This empowered Wolf will increase your Hero & Wolves damage and movement speed|Gain an empowered Spirit Wolf when casting Spirit Wolves. This empowered Wolf will increase your Hero & Wolves damage and movement speed|Gain an empowered Spirit Wolf when casting Spirit Wolves. This empowered Wolf will increase your Hero & Wolves damage and movement speed|Gain an empowered Spirit Wolf when casting Spirit Wolves. This empowered Wolf will increase your Hero & Wolves damage and movement speed
effect_off_desc_125|Your mastery of Hydra’s allows you to increase your Hydra’s attack speed by 35%, damage by 30% and duration by 2 seconds|Your mastery of Hydra’s allows you to increase your Hydra’s attack speed by 35%, damage by 30% and duration by 2 seconds|Your mastery of Hydra’s allows you to increase your Hydra’s attack speed by 35%, damage by 30% and duration by 2 seconds|Your mastery of Hydra’s allows you to increase your Hydra’s attack speed by 35%, damage by 30% and duration by 2 seconds|Your mastery of Hydra’s allows you to increase your Hydra’s attack speed by 35%, damage by 30% and duration by 2 seconds|Your mastery of Hydra’s allows you to increase your Hydra’s attack speed by 35%, damage by 30% and duration by 2 seconds|Your mastery of Hydra’s allows you to increase your Hydra’s attack speed by 35%, damage by 30% and duration by 2 seconds|Your mastery of Hydra’s allows you to increase your Hydra’s attack speed by 35%, damage by 30% and duration by 2 seconds
effect_off_desc_126|A portion of your strength grants additional ability power. You also have a 68% chance to strike your enemies with Holy Shock|A portion of your strength grants additional ability power. You also have a 68% chance to strike your enemies with Holy Shock|A portion of your strength grants additional ability power. You also have a 68% chance to strike your enemies with Holy Shock|A portion of your strength grants additional ability power. You also have a 68% chance to strike your enemies with Holy Shock|A portion of your strength grants additional ability power. You also have a 68% chance to strike your enemies with Holy Shock|A portion of your strength grants additional ability power. You also have a 68% chance to strike your enemies with Holy Shock|A portion of your strength grants additional ability power. You also have a 68% chance to strike your enemies with Holy Shock|A portion of your strength grants additional ability power. You also have a 68% chance to strike your enemies with Holy Shock
effect_off_desc_127|18% Chance on cast to imbue you with Tarethiel’s Vision which will focus powerful beams at nearby enemies|19% Chance on cast to imbue you with Tarethiel’s Vision which will focus powerful beams at nearby enemies|20% Chance on cast to imbue you with Tarethiel’s Vision which will focus powerful beams at nearby enemies|21% Chance on cast to imbue you with Tarethiel’s Vision which will focus powerful beams at nearby enemies|22% Chance on cast to imbue you with Tarethiel’s Vision which will focus powerful beams at nearby enemies|23% Chance on cast to imbue you with Tarethiel’s Vision which will focus powerful beams at nearby enemies|24% Chance on cast to imbue you with Tarethiel’s Vision which will focus powerful beams at nearby enemies|25% Chance on cast to imbue you with Tarethiel’s Vision which will focus powerful beams at nearby enemies
effect_off_desc_128|Your Gunner Drones now can attack the same target multiple times|Your Gunner Drones now can attack the same target multiple times|Your Gunner Drones now can attack the same target multiple times|Your Gunner Drones now can attack the same target multiple times|Your Gunner Drones now can attack the same target multiple times|Your Gunner Drones now can attack the same target multiple times|Your Gunner Drones now can attack the same target multiple times|Your Gunner Drones now can attack the same target multiple times
effect_off_desc_129|You have phasing|You have phasing|You have phasing|You have phasing|You have phasing|You have phasing|You have phasing|You have phasing
effect_off_desc_130|Your attacks now explode in the air raining molten shrapnel into a large area. Your attacks scale from Ability Power instead of Attack Power. |Your attacks now explode in the air raining molten shrapnel into a large area. Your attacks scale from Ability Power instead of Attack Power. |Your attacks now explode in the air raining molten shrapnel into a large area. Your attacks scale from Ability Power instead of Attack Power. |Your attacks now explode in the air raining molten shrapnel into a large area. Your attacks scale from Ability Power instead of Attack Power. |Your attacks now explode in the air raining molten shrapnel into a large area. Your attacks scale from Ability Power instead of Attack Power. |Your attacks now explode in the air raining molten shrapnel into a large area. Your attacks scale from Ability Power instead of Attack Power. |Your attacks now explode in the air raining molten shrapnel into a large area. Your attacks scale from Ability Power instead of Attack Power. |Your attacks now explode in the air raining molten shrapnel into a large area. Your attacks scale from Ability Power instead of Attack Power. 
effect_off_desc_131|Your attacks now launch many projectiles and deal additional Cold Damage based upon your Ability Power.|Your attacks now launch many projectiles and deal additional Cold Damage based upon your Ability Power.|Your attacks now launch many projectiles and deal additional Cold Damage based upon your Ability Power.|Your attacks now launch many projectiles and deal additional Cold Damage based upon your Ability Power.|Your attacks now launch many projectiles and deal additional Cold Damage based upon your Ability Power.|Your attacks now launch many projectiles and deal additional Cold Damage based upon your Ability Power.|Your attacks now launch many projectiles and deal additional Cold Damage based upon your Ability Power.|Your attacks now launch many projectiles and deal additional Cold Damage based upon your Ability Power.
effect_off_desc_132|Send a powerful wave of Grimbone's spikes forward!|Send a powerful wave of Grimbone's spikes forward!|Send a powerful wave of Grimbone's spikes forward!|Send a powerful wave of Grimbone's spikes forward!|Send a powerful wave of Grimbone's spikes forward!|Send a powerful wave of Grimbone's spikes forward!|Send a powerful wave of Grimbone's spikes forward!|Send a powerful wave of Grimbone's spikes forward!
effect_off_desc_133|Increases all stats by 15%|Increases all stats by 15%|Increases all stats by 15%|Increases all stats by 15%|Increases all stats by 15%|Increases all stats by 15%|Increases all stats by 15%|Increases all stats by 15%
effect_off_desc_134|Chance to drop gold when killing an enemy.|Chance to drop gold when killing an enemy.|Chance to drop gold when killing an enemy.|Chance to drop gold when killing an enemy.|Chance to drop gold when killing an enemy.|Chance to drop gold when killing an enemy.|Chance to drop gold when killing an enemy.|Chance to drop gold when killing an enemy.
effect_off_desc_135|Turn off Set Items|Turn off Set Items|Turn off Set Items|Turn off Set Items|Turn off Set Items|Turn off Set Items|Turn off Set Items|Turn off Set Items
effect_off_desc_136|Every attack deals damage to yourself increasing per level|Every attack deals damage to yourself|Every attack deals damage to yourself|Every attack deals damage to yourself|Every attack deals damage to yourself|Every attack deals damage to yourself|Every attack deals damage to yourself|Every attack deals damage to yourself
effect_off_desc_137|Chance on attack to fill yourself with Seething Energy, increasing attack damage by 25% and launching additional projectiles!|Chance on attack to fill yourself with Seething Energy, increasing attack damage by 25% and launching additional projectiles!|Chance on attack to fill yourself with Seething Energy, increasing attack damage by 25% and launching additional projectiles!|Chance on attack to fill yourself with Seething Energy, increasing attack damage by 25% and launching additional projectiles!|Chance on attack to fill yourself with Seething Energy, increasing attack damage by 25% and launching additional projectiles!|Chance on attack to fill yourself with Seething Energy, increasing attack damage by 25% and launching additional projectiles!|Chance on attack to fill yourself with Seething Energy, increasing attack damage by 25% and launching additional projectiles!|Chance on attack to fill yourself with Seething Energy, increasing attack damage by 25% and launching additional projectiles!
effect_off_desc_138|Chance on attack to create light beams from the Heavens to damage nearby enemies|||||||
||||||||
utility_talent_1|Teleport|Teleportti|Teleporte|Teleport|传送|テレポート|순간이동|Teleport
utility_talent_2|Mana Shield|Mana-kilpi|Escudo de Mana|Mana Shield|法力护盾|マナシールド|마나 쉴드|Mana-Schild
utility_talent_3|Overwhelming Power|Ylivoimainen voima|Poder Esmagador|Overwhelming Power|压倒性的力量|圧倒的なパワー|압도적인 힘|Überwältigende Kraft
utility_talent_4|Soul Spurn|Soul Spurn|Rejeição da Alma|Soul Spurn|灵魂吐露|ソウル・スパーン|소울 스펀|Seele verschmähen
utility_talent_5|Valkyrie|Valkyrie|Valquíria|Valkyrie|瓦尔基里|ヴァルキリー|발키리|Walküre
utility_talent_6|Revelation|Ilmestyskirja|Revelação|Revelation|启示录|ヨハネの黙示録|시현|Offenbarung
utility_talent_7|HouDeanii's Power|HouDeanii's Power|O poder de HouDeanii|HouDeanii's Power|HouDeanii的力量|HouDeaniiのパワー|후디니의 힘|HouDeanii's Leistung
utility_talent_8|Toxic Personality|Myrkyllinen persoonallisuus|Personalidade Tóxica|Toxic Personality|有毒的人格|トキシック・パーソナリティ|독성 인격|Toxische Persönlichkeit
utility_talent_9|Gut's Ruthlesness|Gut's Ruthlesness|Crueldade de Gut|Gut's Ruthlesness|肠道疾病|ガットのルースネス|내장의 무자비함|Gut's Ruthlesness
utility_talent_10|Meteor Crater|Meteoriittikraatteri|Cratera de Meteoros|Meteor Crater|流星陨石坑|流星クレーター|운석 분화구|Meteoritenkrater
utility_talent_11|Grim Bones|||||||
utility_talent_12|Reserved|||||||
utility_talent_13|Reserved|||||||
utility_talent_14|Reserved|||||||
utility_talent_15|Reserved|||||||
utility_talent_16|Reserved|||||||
utility_talent_17|Reserved|||||||
utility_talent_18|Reserved|||||||
||||||||
utility_desc_1|Teleport in the direction of your cursor|Teleportti kursorin suuntaan|Teleporte na direção do seu cursor|Teleport in the direction of your cursor|向你的光标方向传送|能力カーソルの方向にテレポートする|어빌리티: 커서 방향으로 텔레포트합니다.|Teleportieren in die Richtung des Cursors
utility_desc_2|A portion of damage is taken from Mana before Life|Osa vahingosta otetaan Manasta ennen elämää.|Uma parte dos danos é retirada da Mana antes da Vida|A portion of damage is taken from Mana before Life|一部分伤害是在生命之前从法力中获取的|能力です。ライフの前にマナでダメージの一部を受ける|어빌리티: 피해의 일부는 생명력 이전에 마나에서 얻습니다.|Ein Teil des Schadens wird von Mana vor Leben genommen
utility_desc_3|Gives 300-400% max mana as magic damage to next attack. Drains 10% mana a second|Antaa 300-400 % maksimimanasta taikavahinkona seuraavaan hyökkäykseen. Kuluttaa 10% manaa sekunnissa.|Proporciona 300-400% de mana máxima como dano mágico para o próximo ataque. Drena 10% de mana por segundo|Gives 300-400% max mana as magic damage to next attack. Drains 10% mana a second|给予300-400%的最大法力作为下一次攻击的魔法伤害。每秒消耗10%的法力值|アビリティです。次の攻撃に300〜400%の最大マナを魔法ダメージとして与える。1秒間に10%のマナを消費する|어빌리티: 최대 마나의 300~400%를 다음 공격에 마법 피해로 줍니다. 초당 10%의 마나를 소모합니다.|Verleiht 300-400% max. Mana als magischen Schaden für den nächsten Angriff. Entzieht 10 % Mana pro Sekunde
utility_desc_4|Deals AOE damage and 5% of the damage is turned into an absorb shield|5 % vahingosta muuttuu absorboivaksi kilveksi.|Causa dano em área e 5% do dano é convertido em um escudo|Deals aoe damage and 5% of the damage is turned into an absorb shield|造成AOE伤害，5%的伤害会变成吸收护盾|アビリティです。Aoeダメージを与え、そのうち5%を吸収シールドに変える|어빌리티: 광역 피해를 주고 피해의 5%를 보호막으로 전환합니다.|Verursacht Aoe-Schaden und 5% des Schadens werden in einen absorbierenden Schild umgewandelt
utility_desc_5|Summons a clone that copies your spells for a duration|Kutsuu kloonin, joka kopioi loitsusi keston ajaksi.|Convoca um clone que copia seus feitiços por um período de tempo|Summons a clone that copies your spells for a duration|召唤一个克隆体，在一定时间内复制你的法术。|能力自分の呪文をコピーするクローンを召喚する。|어빌리티: 지속 시간 동안 스킬을 카피하는 클론을 소환합니다.|Beschwört einen Klon, der Ihre Zaubersprüche für eine bestimmte Dauer kopiert
utility_desc_6|Summons a large zone dealing AOE damage and increases you and your allies damage reduction by 25%|Lisää sinun ja liittolaistesi vahingonvähennystä 25 %.|Convoca uma grande zona que causa dano em área e aumenta a redução de dano para você e seus aliados em 25%|Summons a large zone dealing aoe damage and increases you and your allies damage reduction by 25%|召唤一个大区域，造成AOE伤害，并使你和你的盟友的伤害减免增加25%。|能力巨大なゾーンを召喚し、自分と味方のダメージ軽減率を25％増加させ、青江ダメージを与える。|어빌리티: 광역 피해를 주는 넓은 구역을 소환하고 자신과 아군의 피해 감소를 25% 증가시킵니다.|Beschwört eine große Zone, die Aoe-Schaden verursacht und Ihre Schadensreduktion und die Ihrer Verbündeten um 25% erhöht
utility_desc_7|Launches elemental bolts that bounce between a few enemies|Laukaisee elementaalipultteja, jotka pomppivat muutaman vihollisen välillä.|Lança raios elementais que quicam entre pouco inimigos|Launches elemental bolts that bounce between a few enemies|发射元素弹，在几个敌人之间弹跳。|数人の敵の間で跳ね返るエレメンタル・ボルトを発射する。|소수의 적 사이를 튕기는 엘리멘탈 볼트를 발사합니다.|Schießt Elementarblitze ab, die zwischen einigen Gegnern hin- und herspringen
utility_desc_8|Emits a trail of noxious poison behind you that causes damage to enemies|Päästää jälkeensä myrkkyä, joka aiheuttaa vahinkoa vihollisille.|Emite um rastro de veneno nocivo atrás de você que causa danos aos inimigos|Emits a trail of noxious poison behind you that causes damage to enemies|在你身后发出一串有毒的毒药，对敌人造成伤害|能力自分の後ろに敵にダメージを与える有害な毒の痕跡を残す。|어빌리티: 후방에 적에게 피해를 주는 유독한 독의 자취를 방출합니다.|Sendet eine Spur von schädlichem Gift hinter sich aus, die Feinden Schaden zufügt
utility_desc_9|The player swings their sword around in a very fast rotation to cut his enemies down|Pelaaja heiluttaa miekkaansa erittäin nopeasti ympäriinsä leikatakseen vihollisiaan.|O jogador balança sua espada ao redor em uma rotação bem rápida para cortar seus inimigos|The player swings their sword around in a very fast rotation to cut his enemies down|玩家以极快的旋转速度挥舞着自己的剑，将敌人砍倒。|能力です。刀を高速回転させて敵を斬る。|어빌리티: 플레이어는 매우 빠른 회전으로 검을 휘둘러 적을 베어냅니다.|Der Spieler schwingt sein Schwert in einer sehr schnellen Rotation herum, um seine Feinde niederzustrecken
utility_desc_10|Spawns a meteor that impacts the ground dealing damage and leaving burning flames to scorch enemies|Synnyttää meteorin, joka iskeytyy maahan aiheuttaen vahinkoa ja jättäen palavia liekkejä polttamaan vihollisia.|Gera um meteoro que impacta no chão dando dano e deixando chamas ardentes para chamuscar inimigos|Spawns a meteor that impacts the ground dealing damage and leaving burning flames to scorch enemies|产生一颗流星，撞击地面造成伤害，并留下燃烧的火焰烧伤敌人。|隕石を発生させ、地面に衝突させてダメージを与え、燃え盛る炎で敵を焦がす。|지면에 충돌하는 유성을 생성하여 피해를 입히고 적에게 불타는 화염을 남깁니다.|Erzeugt einen Meteor, der in den Boden einschlägt, Schaden verursacht und brennende Flammen hinterlässt, die Gegner verbrennen
utility_desc_11|Send a powerful wave of Grimbone's spikes forward!|||||||
utility_desc_12|Reserved|||||||
utility_desc_13|Reserved|||||||
utility_desc_14|Reserved|||||||
utility_desc_15|Reserved|||||||
utility_desc_16|Reserved|||||||
utility_desc_17|Reserved|||||||
utility_desc_18|Reserved|||||||
||||||||
||||||||
||||||||
||||||||
[Defensive Effects]||||||||
effect_def_1|Holy Freeze|Holy Freeze|Congelamento Sagrado|Holy Freeze|神圣的冻结|ホーリーフリーズ|성스러운 동결|Heiliges Einfrieren
effect_def_2|Holy Shock|Pyhä shokki|Choque Sagrado|Holy Shock|神圣的冲击|ホーリーショック|성스러운 충격|Heiliger Schock
effect_def_3|Odin's Fury|Odinin raivo|A Fúria de Odin|Odin's Fury|奥丁的怒火|オーディンの怒り|오딘의 분노|Odins Zorn
effect_def_4|Dragon's Scale|Lohikäärmeen suomu|Escama de Dragão|Dragon's Scale|龙的鳞片|ドラゴンズスケール|용의 비늘|Drachenschuppe
effect_def_5|Giant's Seal|Jättiläishylje|Selo do Gigante|Giant's Seal|巨人的海豹|ジャイアント・シール|거인의 인장|Riesensiegel
effect_def_6|Teleport|Teleportti|Teleporte|Teleport|传送|テレポート|순간 이동|Teleport
effect_def_7|Greed|Ahneus|Ganância|Greed|贪婪|欲張り|탐욕|Gier
effect_def_8|Shockwave|Shockwave|Onda de Choque|Shockwave|冲击波|衝撃波|충격파|Shockwave
effect_def_9|Heal|Paranna|Curar|Heal|痊愈|ヒール|힐|Heilen
effect_def_10|Berserk Rage|Berserkin raivo|Raiva Furiosa|Berserk Rage|狂暴的愤怒|バーサークレイジ|버서크 레이지|Berserkerwut
effect_def_11|Absolute Power|Absoluuttinen valta|Poder Absoluto|Absolute Power|绝对权力|絶対的なパワー|절대 권력|Absolute Macht
effect_def_12|Looks like Elias found this first...|Näyttää siltä, että Elias löysi tämän ensin...|Parece que Elias encontrou isto primeiro...|Looks like Elias found this first...|看起来伊莱亚斯先发现了这个...|イライアスが先に見つけたようだが...。|엘리아스가 먼저 찾은듯...|Sieht aus, als hätte Elias das zuerst gefunden...
effect_def_13|Fleet Footwork|Fleet Footwork|Agilidade nos Pés|Fleet Footwork|舰队的脚步|フリートフットワーク|플릿 풋워크|Flotte Beinarbeit
effect_def_14|Manaflow|Manaflow|Fluxo de Mana|Manaflow|马纳夫罗|マナフロー|마나 플로우|Manaflow
effect_def_15|Hyper Activity|Hyper Activity|Hiperatividade|Hyper Activity|超级活动|ハイパーアクティビティ|과잉행동|Hyperaktivität
effect_def_16|Diarrhea|Ripuli|Diarréia|Diarrhea|腹泻|下痢|설사|Diarrhöe
effect_def_17|Flexing|Joustaminen|Flexão|Flexing|弯曲|フレックス|플렉싱|Biegen
effect_def_18|Spartan Defense|Spartan puolustus|Defesa Espartana|Spartan Defense|斯巴达防御|スパルタンディフェンス|스파르타 디펜스|Spartanische Verteidigung
effect_def_19|Drunken Kung Fu|Humalainen kung fu|Kung Fu Bêbado|Drunken Kung Fu|醉酒的功夫|ドランケンカンフー|취권|Betrunkenes Kung Fu
effect_def_20|Stoneskin|Stoneskin|Pele de Pedra|Stoneskin|石头皮|ストーンスキン|스톤스킨|Steinskin
effect_def_21|Vanish|Katoa|Desaparecer|Vanish|消失|バニッシュ|투명화|Verschwinden
effect_def_22|Crystal Power|Kristallivoima|Poder dos Cristais|Crystal Power|水晶之力|クリスタル・パワー|크리스탈 파워|Kristallkraft
effect_def_23|Chaos Unleashed|Kaaos valloilleen|Caos Desencadeado|Chaos Unleashed|混乱的释放|カオス・アンリーシュド|혼돈 해방|Chaos entfesselt
effect_def_24|Momentary Madness|Hetkellinen hulluus|Loucura Momentânea|Momentary Madness|瞬间的疯狂|一瞬の狂気|순간의 광기|Momentaner Wahnsinn
effect_def_25|Health Recovery|Terveyden palautuminen|Recuperação de Saúde|Health Recovery|健康恢复|健康回復|체력 회복|Gesundheit Genesung
effect_def_26|Speed Boost|Nopeus Boost|Aumento de Velocidade|Speed Boost|速度提升|スピードアップ|스피드 부스트|Geschwindigkeits-Boost
effect_def_27|Mana Recovery|Manan palautus|Recuperação de Mana|Mana Recovery|法力恢复|マナ回復|마나 회복|Mana-Wiederherstellung
effect_def_28|Rejuvenation|Nuorentaminen|Rejuvenescimento|Rejuvenation|恢复活力|リジュベネーション|원기 회복|Verjüngung
effect_def_29|Shielding|Suojaus|Blindagem|Shielding|屏蔽|シールド|보호|Abschirmung
effect_def_30|Cleansing|Puhdistus|Limpeza|Cleansing|洁净|クレンジング|정화|Reinigen
effect_def_31|Endless Wealth|Loputon rikkaus|Riqueza Sem Fim|Endless Wealth|无尽的财富|無限の富|끝없는 부|Unendlicher Reichtum
effect_def_32|The Fragrance of Dark Coffee|Tumman kahvin tuoksu|A Fragrância do Café Preto|The Fragrance of Dark Coffee|黑咖啡的芬芳|濃いコーヒーの香り|다크 커피의 향기|Der Duft von dunklem Kaffee
effect_def_33|Untamed Knowledge|||||||
||||||||
effect_def_desc_1|Nearby enemies are chilled|Lähellä olevat viholliset jäähtyvät|Os inimigos próximos são resfriados|Nearby enemies are chilled|附近的敌人被冻住了|近くの敵が冷たくなる|주변의 적들은 냉각됩니다.|Gegner in der Nähe werden gekühlt
effect_def_desc_2|You channel lightning, shocking enemies every half second and has a long area|Kanavoit salaman, joka järkyttää vihollisia puolen sekunnin välein, ja sillä on pitkä alue...|Você canaliza raios, eletrocutando inimigos a cade meio secundo e tem uma área grande|You channel lightning, shocking enemies every half second and has a long area|你可以引导闪电，每半秒震慑一次敌人，并且有一个长的区域。|半秒ごとに敵にショックを与える稲妻チャンネルと、長いエリアを持つ|번개를 집중하여 0.5초마다 적에게 충격을 주고 넓은 범위를 가집니다.|Sie kanalisieren Blitze, schockieren Gegner jede halbe Sekunde und haben eine große Reichweite
effect_def_desc_3|Release a fearsome warcry, which is powerful enough to knock back enemies and taunt them afterwards|Vapauta pelottava sotahuuto, joka on tarpeeksi voimakas tyrmäämään viholliset ja pilkkaamaan heitä sen jälkeen.|Liberta um temível grito de guerra, que é poderoso o suficiente para empurrar inimigos para trás e provocá-los após|Release a fearsome warcry, which is powerful enough to knock back enemies and taunt them afterwards|释放一个可怕的战吼，其威力足以击退敌人，并在事后嘲弄他们|敵をノックバックさせ、その後に敵を翻弄するほどの威力を持つ、恐るべきウォークライを放つ。|무시무시한 함성을 질러 적들을 밀쳐내고 나중에 도발할 만큼 강력합니다.|Lassen Sie einen furchterregenden Kriegsschrei los, der mächtig genug ist, um Gegner zurückzuschlagen und sie anschließend zu verspotten
effect_def_desc_4|Fix this if it becomes a thing again|Korjaa tämä, jos siitä tulee jälleen asia|Conserte isso se se tornar uma coisa de novo|Fix this if it becomes a thing again|如果它再次成为一种事物，请修复这个问题|また何かあったときのために修正しておきます。|그것이 다시 문제가되면 이것을 수정하세요.|Reparieren Sie dies, wenn es wieder zu einer Sache wird
effect_def_desc_5|Fix this if it becomes a thing again|Korjaa tämä, jos siitä tulee jälleen asia|Conserte isso se se tornar uma coisa de novo|Fix this if it becomes a thing again|如果它再次成为一种事物，请修复这个问题|また何かあったときのために修正しておきます。|그것이 다시 문제가되면 이것을 수정하세요.|Reparieren Sie dies, wenn es wieder zu einer Sache wird
effect_def_desc_6|Teleport in the direction of your cursor|Teleportaatio kursorin suuntaan|Teleporte na direção do seu cursor|Teleport in the direction of your cursor|向你的光标方向传送|カーソルの方向にテレポートする|커서 방향으로 텔레포트합니다.|Teleportieren in die Richtung des Cursors
effect_def_desc_7|Chance for additional gold when taking damage when below 25% hp|||||||
effect_def_desc_8|Your hero channels all their strength into a powerful smash creating a massive shockwave in front of them, damaging and stunning enemies in its path|Sankarisi kanavoi kaikki voimansa voimakkaaseen iskuun luoden massiivisen shokkiaallon eteensä, joka vahingoittaa ja tainnuttaa vihollisia sen tiellä.|Seu herói canaliza toda a sua força em um choque poderoso criando uma onda de choque massiva na sua frente, causando dano e atordoando inimigos em seu caminho|Your hero channels all their strength into a powerful smash creating a massive shockwave in front of them, damaging and stunning enemies in its path|你的英雄将他们所有的力量注入到一个强大的粉碎中，在他们面前形成一个巨大的冲击波，伤害和震撼其路径上的敌人。|あなたのヒーローは、すべての力を強力なスマッシュに注ぎ込み、前方に巨大な衝撃波を発生させ、その経路上の敵にダメージを与え、衝撃を与えます。|영웅은 모든 힘을 강력한 스매쉬로 집중하여 전방에 거대한 충격파를 생성하여 경로에 있는 적에게 피해를 입히고 기절시킵니다.|Ihr Held kanalisiert all seine Kraft in einen mächtigen Schlag, der eine massive Schockwelle vor ihm erzeugt, die Gegner in ihrem Weg beschädigt und betäubt
effect_def_desc_9|Grants 15% Max Health Regeneration per Second on Use|Antaa 15% maksimiterveyden palautumista sekunnissa käytön aikana.|Concede 15% de regeneração máxima de saúde por segundo no uso|Grants 15% Max Health Regeneration per Second on Use|使用时每秒钟给予15%的最大健康再生能力|使用時に毎秒15%の最大ヘルス再生を付与|사용 시 초당 최대 체력 재생이 15% 증가합니다.|Gewährt bei Verwendung 15 % maximale Lebensregeneration pro Sekunde
effect_def_desc_10|Temporarily increases all damage dealt by 20%|Lisää väliaikaisesti kaikkea aiheutettua vahinkoa 20%|Aumenta temporariamente todos os danos causados em 20%.|Temporarily increases all damage dealt by 20%|暂时增加所有伤害的20%。|与える全てのダメージを一時的に20%増加させる。|일시적으로 모든 피해를 20% 증가시킵니다.|Erhöht vorübergehend den gesamten verursachten Schaden um 20 %.
effect_def_desc_11|Temporarily increases all elemental damage by 1000|Lisää tilapäisesti kaikkea elementtivahinkoa 1000:lla.|Aumenta temporariamente todo o dano elemental em 1000|Temporarily increases all elemental damage by 1000|暂时增加所有元素伤害1000|すべてのエレメンタルダメージを一時的に1000増加させる。|일시적으로 모든 원소 피해를 1000 증가시킵니다.|Erhöht vorübergehend alle Elementarschäden um 1000
effect_def_desc_12|Does absolutely nothing, just gives you 6 sockets|Ei tee yhtään mitään, antaa vain 6 pistorasiaa.|Não faz absolutamente nada, apenas lhe dá 6 soquetes|Does absolutely nothing, just gives you 6 sockets|完全没有作用，只是给你6个插座|何の役にも立たず、ただ6つのソケットを提供するだけ。|아무 것도 하지 않고 6개의 소켓만 제공합니다.|Macht absolut nichts, gibt Ihnen nur 6 Steckdosen
effect_def_desc_13|Temporarily provides you with a 50% movement speed buff|Antaa sinulle tilapäisesti 50 %:n liikenopeuden puskurin.|Fornece temporariamente um buff de 50% de velocidade de movimento|Temporarily provides you with a 50% movement speed buff|暂时为你提供50%的移动速度BUFF|一時的に移動速度50%のバフがかかります。|일시적으로 이동 속도 50% 버프를 제공합니다.|Verleiht Ihnen vorübergehend einen 50%igen Bewegungsgeschwindigkeits-Buff
effect_def_desc_14|Replenishes your mana|Täydentää manaasi|Reabastece sua mana|Replenishes your mana|补足你的法力|あなたのマナを補充します。|마나를 보충합니다.|Füllt Ihr Mana wieder auf
effect_def_desc_15|Temporarily provides you with a 50% Attack Speed buff|||||||
effect_def_desc_16|Causes you to throw up. The puke does mild damage|Aiheuttaa oksentelua. Oksennus aiheuttaa lievää vahinkoa|Faz com que você vomite. O vômito causa um dano leve|Causes you to throw up. The puke does mild damage|导致你呕吐。呕吐物会造成轻微伤害|吐いてしまいます。吐いたものは軽いダメージ|토하게 만듭니다. 토는 경미한 피해를 줍니다.|Bewirkt, dass Sie sich übergeben müssen. Das Erbrochene verursacht leichten Schaden
effect_def_desc_17|Temporarily increases your strength by 50%|Lisää tilapäisesti voimaa 50%|Aumenta temporariamente sua força em 50%.|Temporarily increases your strength by 50%|暂时增加你50%的力量|一時的に自分の体力が50％アップ|일시적으로 체력이 50% 증가합니다.|Erhöht vorübergehend Ihre Stärke um 50 %.
effect_def_desc_18|Temporarily increases dodge and block by 15%|Lisää väliaikaisesti väistämistä ja torjuntaa 15 %:lla.|Aumenta temporariamente a evasão e o bloqueio em 15%.|Temporarily increases dodge and block by 15%|暂时增加15%的闪避和格挡|一時的にドッジとブロックが15%増加します。|일시적으로 회피와 블럭이 15% 증가합니다.|Erhöht vorübergehend Ausweichen und Blocken um 15 %.
effect_def_desc_19|Temporarily grants you an additional 35% critical damage|Antaa sinulle tilapäisesti 35 % lisää kriittistä vahinkoa.|Concede temporariamente a você 35% de dano crítico adicional|Temporarily grants you an additional 35% critical damage|暂时给予你额外的35%关键伤害|一時的に追加で35%のクリティカルダメージを与える。|일시적으로 35%의 추가 크리티컬 데미지를 줍니다.|Gewährt Ihnen vorübergehend zusätzlich 35% kritischen Schaden
effect_def_desc_20|Temporarily increases your armor by 50%|Lisää tilapäisesti panssariasi 50 %:lla|Aumenta temporariamente sua armadura em 50%.|Temporarily increases your armor by 50%|暂时增加你50%的护甲|一時的にアーマーが50％増加します。|일시적으로 방어력을 50% 증가시킵니다.|Erhöht vorübergehend Ihre Rüstung um 50%.
effect_def_desc_21|Grants you temporary invisibility|Antaa sinulle tilapäisen näkymättömyyden|Concede a você invisibilidade temporária|Grants you temporary invisibility|赋予你暂时的隐身能力|一時的に透明になります。|일시적으로 투명화됩니다.|Gewährt Ihnen vorübergehende Unsichtbarkeit
effect_def_desc_22|Temporarily increases your max resistance cap by 6%|Lisää tilapäisesti maksimiresistanssikapasiteettiasi 6%:lla|Aumenta temporariamente seu limite máximo de resistência em 6%.|Temporarily increases your max resistance cap by 6%|暂时增加你的最大阻力上限6%。|一時的に最大抵抗値の上限が6%増加します。|일시적으로 최대 저항 상한선이 6% 증가합니다.|Erhöht vorübergehend Ihre maximale Widerstandsgrenze um 6 %.
effect_def_desc_23|Rains meteors down upon your enemies when you use an active skill|Sataa meteoreja vihollistesi päälle, kun käytät aktiivista taitoa.|Chove meteoros sobre os seus inimigos quando você utiliza uma habilidade ativa|Rains meteors down upon your enemies when you use an active skill|当你使用主动技能时，向你的敌人倾泻流星。|アクティブスキル使用時に、敵に隕石を降らせる。|액티브 스킬 사용 시 적에게 유성을 내립니다.|Regnet Meteore auf Ihre Feinde herab, wenn Sie eine aktive Fertigkeit verwenden
effect_def_desc_24|Turns your auto attacks into bursts for the duration of the effect|Muuttaa automaattiset hyökkäyksesi purskeiksi vaikutuksen keston ajaksi.|Transforma seus ataques básicos em rajadas pela duração do efeito|Turns your auto attacks into bursts for the duration of the effect|在效果持续期间，将你的自动攻击变成连击。|効果時間中、自分のオートアタックをバースト状態にする|효과 지속 시간 동안 기본 공격을 버스트 샷으로 전환합니다.|Verwandelt Ihre Auto-Angriffe für die Dauer des Effekts in Bursts
effect_def_desc_25|Health Recovery|Terveyden palautuminen|Recuperação da Saúde|Health Recovery|健康恢复|健康回復|체력 회복|Gesundheit Genesung
effect_def_desc_26|Speed Boost|Nopeus Boost|Aumento de Velocidade|Speed Boost|速度提升|スピードアップ|스피드 부스트|Geschwindigkeits-Boost
effect_def_desc_27|Mana Recovery|Manan palautus|Recuperação de Mana|Mana Recovery|法力恢复|マナ回復|마나 회복|Mana-Wiederherstellung
effect_def_desc_28|Rejuvenation|Nuorentaminen|Rejuvenescimento|Rejuvenation|恢复活力|リジュベネーション|원기 회복|Verjüngung
effect_def_desc_29|Shielding|Suojaus|Blindagem|Shielding|屏蔽|シールド|보호|Abschirmung
effect_def_desc_30|Cleansing|Puhdistus|Limpeza|Cleansing|洁净|クレンジング|정화|Reinigen
effect_def_desc_31|Temporarily grants you 400% magic find on use|Antaa sinulle tilapäisesti 400% taikavoiman löydön käytön yhteydessä.|Concede temporariamente 400% de achado mágico no uso|Temporarily grants you 400% magic find on use|使用时暂时给予你400%的魔法发现。|使用時に一時的に400%の魔力発見を付与する。|사용 시 일시적으로 400% 마법 발견을 부여합니다.|Gewährt Ihnen bei Gebrauch vorübergehend 400% Magiefund
effect_def_desc_32|5% chance on hit that spills high damage coffee everywhere which makes the user very angry|5% mahdollisuus osumasta, joka roiskii korkeaa vahinkoa aiheuttavaa kahvia kaikkialle, mikä tekee käyttäjän hyvin vihaiseksi.|5% de chance no acerto de espirrar café de alto dano para todos os lados que deixam o usuário muito irritado|5% chance on hit that spills high damage coffee everywhere which makes the user very angry|5%的几率命中，使高伤害的咖啡洒得到处都是，这让使用者非常生气。|ヒット時に5%の確率で、高ダメージのコーヒーをどこにでもこぼし、ユーザーを激怒させる。|적중 시 5%의 확률로 높은 데미지의 커피를 사방에 쏟아 사용자를 매우 화나게 합니다.|5 % Chance bei einem Treffer, dass Kaffee mit hohem Schaden überall verschüttet wird, was den Benutzer sehr wütend macht
effect_def_desc_33|Become filled with Unworldly Knowledge increasing your experience gained|Become filled with Unworldly Knowledge increasing your experience gained|Become filled with Unworldly Knowledge increasing your experience gained|Become filled with Unworldly Knowledge increasing your experience gained|Become filled with Unworldly Knowledge increasing your experience gained|Become filled with Unworldly Knowledge increasing your experience gained|Become filled with Unworldly Knowledge increasing your experience gained|Become filled with Unworldly Knowledge increasing your experience gained
||||||||
unholy_possession|Lost Anomaly|Lost Anomaly|Lost Anomaly|Lost Anomaly|Lost Anomaly|Lost Anomaly|Lost Anomaly|Lost Anomaly
